question,answer,page_id
How do I report a power outage?,"Report it online, text OUT to 287846, or call 512-322-9100. Austin Energy will send status updates by text as they are available.",P01
What should I check before reporting a power outage?,Check your breakers if you can do so safely. Then check the Outage Map to see if an outage has already been reported in your neighborhood.,P01
How do I report electricity theft?,Call 512-972-7475 to report suspected electricity theft. You can report it anonymously.,P04
Can I sign up for outage alerts before my new service starts?,"You can sign up to get outage alerts after your start of service date, whether you are new to Austin Energy or transferring service to a different address.",P04
What are Community Benefit Charges on my bill?,"They include the Customer Assistance Program, Service Area Lighting, and Energy Efficiency Programs. Together they fund bill discounts for qualifying customers, street lighting and traffic signals, and energy efficiency rebates.",P05
What is the Service Area Lighting charge?,It covers the cost of street lighting (except lights maintained by the Texas Department of Transportation) and the operation of traffic signals in the City of Austin. Customers who live outside the City do not pay this charge.,P05
How can I see how much electricity I use each day?,"Log in to your COA Utilities account. You can see your use by day, month and year, and compare it to last year and to similar homes in your area.",P06
How can I find out what is using the most electricity in my home?,"Your COA Utilities account shows a breakdown of your bill by cooling and heating, appliances, electronics, and other uses. If you have solar panels, it also shows their energy production.",P06
Where can I pay my bill in person?,"Pay at a Utility Customer Service Center: North at 8716 Research Blvd., Suite 115, or South at 1901 W. William Cannon Drive, Suite 100. Both are open Monday through Friday, 8:00 a.m. to 4:30 p.m.",P07
Can I pay my utility bill with cash at a store?,"Yes. Authorized pay stations at stores such as H-E-B, CVS, Walgreens, Walmart, and Dollar General accept utility payments. Stores may charge a handling fee of $0.75 to $2.95. Bring a copy of your bill or the payment barcode.",P07
Why might I not qualify for a payment arrangement or extension?,"You may not qualify if your account is on Budget Billing, you asked to stop service, a previous arrangement or extension was not met, you had returned payments or a disconnection for non-payment, the account was sent to a debt collector, it is under a bankruptcy filing, or the meter was tampered with.",P08
Can I get a payment arrangement if I had a returned check?,"If you have returned payment items, such as returned checks, your account must be brought current before a new payment arrangement can be offered.",P08
How do I dispute my utility bill?,Start by requesting an administrative review. Call Customer Care at 512-494-9400 or visit a Utility Customer Service Center. The request must be made within 90 days.,P11
How do I request an administrative hearing for a bill dispute?,"If the administrative review does not resolve the problem, send a written hearing request within 30 days of the review. Include the nature of the dispute and the dollar amount contested. Mail it to City of Austin Utility Hearing Request, 4815 Mueller Blvd., Austin, TX 78723-3573, or send it by email.",P11
What assistance programs does the City of Austin offer for utility bills?,"CAP Utility Bill Discounts, Financial Support Plus 1 for emergency help, Services for the Medically Vulnerable, and Austin Energy Weatherization Assistance. Each program has its own eligibility requirements.",P12
What is the Financial Support Plus 1 fund?,Plus 1 provides emergency financial help if you are having temporary difficulty paying your utility bills. Customers can also contribute to the fund through their monthly utility bill.,P12
What improvements does Weatherization Assistance include?,"Free improvements may include attic insulation, duct repair and sealing, sealing cracks and gaps, sealing around doors, solar screens, carbon monoxide and smoke detectors, LED lighting, air conditioner inspection and cleaning, and a smart thermostat.",P14
Who is eligible for Weatherization Assistance?,"You must be an Austin Energy customer enrolled in the Customer Assistance Program or the Medically Vulnerable Registry, and meet the 80% Median Family Income limit ($68,500 for a 1 person household). You must live in the home, which must be 2,500 square feet or smaller and more than 10 years old.",P14
Is there a rebate for a heat pump water heater?,"Yes. Austin Energy offers a $1,000 rebate to install an ENERGY STAR certified hybrid electric (heat pump) water heater.",P15
Is there a rebate for a pool pump?,Yes. Austin Energy offers a $300 rebate to install an ENERGY STAR certified variable speed pool pump.,P15
How much is the air conditioning rebate?,"Austin Energy offers a rebate averaging $800 when a participating contractor installs a qualifying air conditioner or heat pump. Amounts range from $600 to $800 for central AC and $650 to $950 for heat pumps, depending on efficiency.",P16
What are the requirements for the air conditioning rebate?,"You must receive electricity from Austin Energy and use an Austin Energy participating contractor. The system being replaced must be 10 years old or older, and your contractor must submit the rebate application within 90 days of installation.",P16
What is the Home Energy Savings program?,"Home Energy Savings is a whole house approach to energy efficiency. A participating contractor does a no cost in home assessment and recommends improvements. Rebates average $3,000, and improvements typically lower summer energy bills by an average of 20%.",P17
Is financing available for Home Energy Savings projects?,"Yes. Austin Energy works with Velocity Credit Union to offer a zero percent loan through September 30, 2027. Rebates are applied to the project cost, which reduces your loan amount.",P17
Is there a contract or fee to join GreenChoice for my home?,"No. Residential GreenChoice has no contract, no expiration date, no subscriber fee, and no penalty to unsubscribe. It adds $0.0075 per kilowatt hour to your bill.",P20
What impact does GreenChoice have?,"More than 20,500 customers subscribed in 2024. Together they removed as much carbon dioxide as 313,096 acres of U.S. forests absorb in a year and powered 43,700 homes with renewable energy.",P20
How much is the home solar rebate?,"Austin Energy offers a $4,000 rebate for eligible home solar projects. Take the Solar Rebate Quiz to begin your rebate application. After your system is running, you also get bill credits for all the power it produces.",P22
Is my home a good fit for solar panels?,"Your roof should get direct sunlight for at least 5 to 6 hours a day, ideally with no large trees or structures shading it. It should have at least 10 years of life left and enough space for panels, typically 200 to 400 square feet.",P22
How much is the home EV charger rebate?,"Austin Energy covers 50% of the cost, up to $500, for a Power Partner EV compatible Level 2 home charging station. You must enroll in Power Partner EV to receive the rebate.",P24
What do I need to apply for the EV charger rebate?,"The account holder applies online with an active Austin Energy account number, the charging station manufacturer and model, the vehicle identification number (VIN), and a copy of the fully paid receipt.",P24
What are the different levels of EV charging?,Level 1 uses a regular 120 volt outlet and adds 3 to 5 miles per hour. Level 2 uses a 240 volt charger and adds 15 to 30 miles per hour. DC fast charging adds 150 to 400 miles per hour and can charge in under 30 minutes.,P25
When is the best time to charge my electric vehicle?,"Charge between 10 p.m. and 6 a.m., when wind power peaks on the Texas grid. Avoid charging between 4 p.m. and 7 p.m., when there is typically less capacity on the grid.",P25
"How do I start, stop, or transfer my utility service?","Call Customer Care at 512-494-9400, register with Online Customer Care to request new service or changes, or visit a walk in Utility Customer Service Center.",P26
What services are included on my City of Austin utility bill?,"Your bill can include charges for drainage, electricity, solid waste, street service, wastewater, and water, depending on which City of Austin services you receive.",P26
What fees and deposits are required to start utility service?,It costs $20 to start electric or water service and $15 to start solid waste service. A $200 security deposit is required to begin residential service.,P27
How can I get my security deposit waived?,"You may qualify if you have a good payment record on a previous City of Austin account, provide a reference letter from another utility or a landlord letter, enroll in Autopay and eBill, are 65 or older and meet the criteria, are a service member returning from deployment, or qualify under other listed conditions.",P27
How many power outages are caused by trees and weather?,"Weather and vegetation cause more than one in three outages in the Austin area. Swaying or broken limbs can rub against wires or bring down power lines, and ice can push wires into trees.",P28
When does Austin Energy avoid trimming oak trees?,"Austin Energy makes every effort to avoid trimming red oak and live oak trees between February and June, when oak wilt is more likely to spread.",P28
How can I spot a utility scam?,"Scammers may threaten to disconnect your service within an hour unless you pay right away with a gift card, prepaid card, payment app, or cryptocurrency. Others claim you overpaid and ask for your bank or card details to send a refund.",P29
What should I do if I get a call threatening to disconnect my service?,"Hang up and dial 3-1-1 to report it. Note the caller ID number and any callback number. To check your real account status, visit Online Customer Care or call 512-494-9400.",P29
Can I plug a refrigerator into an extension cord?,"No. Major appliances such as refrigerators, washers, dryers, and microwaves should always be plugged directly into a wall outlet. Never use an extension cord with a major appliance.",P30
What kind of outlets should I use in bathrooms and kitchens?,"Use GFCI (ground fault circuit interrupter) outlets in areas that may get wet, such as bathrooms, kitchens, and outdoor areas. They trip immediately if a short circuit is detected and should be installed by a qualified electrician.",P30
What should I do during an ice storm?,"Report outages online or call 512-322-9100, and call 9-1-1 for emergencies. Report downed or low hanging lines to 512-322-9100, stay at least 35 feet away, and never knock icicles off power lines.",P31
Where can I go to cool off during extreme heat?,"During extreme heat, City of Austin Library and Parks and Recreation facilities serve as cooling centers during normal hours. Check austintexas.gov/alerts for more information.",P31
What are Austin Energy's residential electric rates?,"Inside the City of Austin, there is a $17.35 monthly customer charge plus a four tier energy charge: 4.872 cents per kWh for the first 300 kWh, 5.395 cents up to 900 kWh, 7.901 cents up to 2,000 kWh, and 11.428 cents above 2,000 kWh.",P37
What is the Power Supply Adjustment on my bill?,"The Power Supply Adjustment recovers the cost of fuel for power plants and electricity bought from the grid, dollar for dollar. It is currently 3.912 cents per kWh and is adjusted annually.",P37
Is there a fee for Quick Payment?,"Yes. Each Quick Payment has a $3.90 convenience fee for residential accounts, with a $1,000 one time limit. The fee goes to the payment processor, Paymentus, not to Austin Energy.",P38
What payment methods does Quick Payment accept?,"Quick Payment accepts ATM and debit cards, electronic checks, Visa, MasterCard, Discover, American Express, PayPal, Venmo, Google Pay, and Apple Pay.",P38
Is it safe to use a portable generator during an outage?,"Only if used correctly. Never fuel or run a portable generator inside your home or garage. Make sure it has a double throw transfer switch to prevent feedback on power lines, and follow the manufacturer's instructions.",P45
How long will food stay cold during a power outage?,"A refrigerator with the doors kept shut can keep food cold for a day or two. About 25 pounds of dry ice will keep a 10 cubic foot freezer at 32 degrees F for three to four days. When in doubt, throw the food out.",P45
