Question	Answer	Metadata
How do I use the Outage Map?	To learn more about an outage that is affecting your home or business, zoom in on your neighborhood. Select the icon in your area to learn more about the outage. Click Overview to see the number of active outages, the total affected customers, and other outage details. Estimated restoration times and the cause of the outage are provided as that information becomes available.	page:p02|intent:check_outage_status
What do the different dots and symbols mean?	Select the Information (“i”) icon to view the map legend. The legend is hidden by default to avoid obscuring the map. Outages icons have different shapes and colors depending on the number of customers affected. Multi-colored dots represent clusters of outages. Zoom in on an individual outage to get additional details.	page:p02|intent:check_outage_status
Can I search for my address?	Yes, click the magnifying glass and enter your address to zoom in on your neighborhood. Please note that for security reasons, the Outage Map does not display the street address for individual outages.	page:p02|intent:check_outage_status
Why is my outage not shown on the map?	Because outages often affect several homes and businesses at a time, icons on the map may not appear directly over the exact location of your home or business. For any given outage, the outage symbol is placed at a center point on the map in relation to all customers affected by that outage. The outage may cover several blocks or even large areas. For a status on your specific home or business, sign up for Outage Alerts or check your status online. My power is out, but there are no outages shown in my neighborhood. What should I do? Click Report Outage at the top of the map to report your outage online. You can also report an outage by texting OUT to 287246 or by calling 512-322-9100.	page:p02|intent:check_outage_status
Why is my outage status different than my neighbor?	Your outage status may change based on what crews discover as they work through the outage. Crews may complete work on larger outages only to discover smaller clusters of customers who are still without power. These secondary outages are sometimes called “nested” outages. My outage was showing on the map earlier. My power is still out, so why isn’t it showing now? Do I need to report my outage again? Yes. Your power outage may be part of a secondary outage, sometimes called a nested outage. That’s when power is restored on a larger outage and some people regain power, but damage further down the line keeps power off for other customers. For example, a problem at a substation or with the transformer at the end of your block has been fixed but the tree that fell on the power line by your home is preventing your power from coming back on. When there is a secondary outage, Austin Energy may not be aware that your power is still out, so please report it again. Click Report Outage at the top of the map to report your outage online. You can also report an outage by texting OUT to 287246 or by calling 512-322-9100. Reporting your outage for a second time doesn’t necessarily mean that your outage will take longer to resolve. Austin Energy works to restore power in a manner that brings customers back online as quickly and efficiently as possible. Learn more about How We Restore Power.	page:p02|intent:check_outage_status
Why do you need me to report my power outage?	Doesn’t your system know if my smart meter is offline? Smart meters provide useful information, but they do not tell Austin Energy when a customer is affected by a secondary outage. It's always best to confirm your outage is known to Austin Energy by reporting it. Click Report Outage at the top of the map to report your outage online. You can also report an outage by texting OUT to 287246 or by calling 512-322-9100.	page:p02|intent:check_outage_status
How frequently is the Outage Map updated?	Updates occur every 10 minutes, though it may take up to 20 minutes for you to see an outage that you just reported on the map. During and after major weather events, the outage map may take longer than usual to update with the current information.	page:p02|intent:check_outage_status
What does a shaded polygon over my neighborhood mean?	Polygons, the irregularly shaped, shaded areas shown on the map, indicate that an outage is affecting an area. If your home or business location is included in or adjacent to a polygon, Austin Energy is aware of the outage. There is no need to report it.	page:p02|intent:check_outage_status
What do overlapping polygons mean?	You may see overlapping polygons because our infrastructure areas can overlap. This does not necessarily mean it will take longer to restore your power. If your service location is included in or adjacent to a polygon, Austin Energy is aware of your outage. There is no need to report it. Under Outage Information, what does 'cause' mean? Cause provides the reason, if known, for the outage. Common causes include: Weather: Storms cause damage to equipment Vegetation: A tree, branch, or vegetation contacted power lines Animal: An animal came in contact with equipment Equipment: Electrical equipment failure Interference: Obstruction caused by a vehicle crash, a construction incident or similar factor If outages are planned or caused by scheduled electrical equipment maintenance, that will also be noted on the map.	page:p02|intent:check_outage_status
Why does the map not show an estimated time of restoration for my outage?	The Outage Map provides an estimated time for restoration based on historical data for similar outages. Once crews are onsite, the estimated time of restoration may change based on field conditions. During a large or complex outage event, Austin Energy may suspend providing an estimated time of restoration until damage can be safely assessed. As the situation evolves and the extent of the damage becomes clearer, the estimated time of power restoration can change. We make every effort to arrive at a realistic estimated restoration time based on the availability of our lineworkers, the extent of the damage, and the safety of our employees and customers. The outage map isn’t working correctly. How can I report an outage or get a status update? Call 512-322-9100 to speak with a Customer Care Representative.	page:p02|intent:check_outage_status
Can I sign up for the outage alert service without having a power outage?	Yes. You can sign up for Outage Alerts at any time.	page:p03|intent:outage_alerts
What information do I need before I can sign up for Outage Alerts?	Your 10-digit City of Austin Utilities account number OR the phone number associated with your account, and the ZIP code of the service address. You can find the account number on your paper bill or on your eBill, or through City of Austin Utilities Online Customer Care. Include any leading or trailing zeros.	page:p03|intent:outage_alerts
How can I find my account number if my lights are off and my computer and wireless router have no power?	Phone Number on the Account — You can also report an outage without your account number by giving Austin Energy the phone number associated with your account, along with your ZIP code. eBill — If you receive an eBill through your email account, and you can access email on your mobile phone, you can locate the account number on the eBill. Include leading or trailing zeros. Paper Bill — If you have a paper bill, and can locate it with a flashlight, the account number is located on the upper right-hand side. Include leading or trailing zeros.	page:p03|intent:outage_alerts
How do I use outage alerts?	The Outage Alert system recognizes simple text messages like: “Register me for outage alerts” “My power is out” “When will my power be back on?” You may use also use the following text message codes to communicate with Austin Energy during a power outage: SMS Text Messaging Codes Description English (full) English (short) Español Register for Outage Alerts REGISTER REG RGS Report a power outage OUTAGE OUT APAGON Check power restoration status STATUS STAT ESTADO Temporarily stop receiving Outage Alerts PAUSE PAU INTERRUMPIR Resume receiving Outage Alerts RESUME RES CONTINUAR Cancel Outage Alerts STOP STOP ALTO Get help with Outage Alerts HELP HELP AYUDA	page:p03|intent:outage_alerts
Why did I receive a text message telling me that my power has been restored?	My power is still out.If power around you has been restored but yours is still out, you may have a nested outage — more than one issue leading to your power loss. Austin Energy may not be aware of this secondary outage, so please report it by texting OUT to 287846. I'm already signed up for Outage Alerts. My power came back on briefly and then went out again. Should I text OUT again?Yes. If your lights come on but then go back out, text OUT to 287846. Sí. Envíe APAGON por mensaje de texto a 287846 para reportar un apagó. I'm trying to report an outage by text, but keep getting an error message. What should I do?Please call 512-322-9100 and speak with a Customer Care Representative.	page:p03|intent:outage_alerts
Should I use the outage alert service to report street lights being out?	No, Outage Alerts are for power outages only. To report a street light out, call 3-1-1. You can also report it using the 3-1-1 online service request or download the 3-1-1 mobile app.	page:p03|intent:outage_alerts
If I sign up for outage alert updates, may I still call the outage phone number?	Yes. Even if you have signed up for Outage Alerts, you can always report an outage by calling 512-322-9100.	page:p03|intent:outage_alerts
How can I sign up for alerts if I have more than five accounts?	If you have more than five Austin Energy electric service accounts, you need to call 512-494-9400 and a representative will help you.	page:p03|intent:outage_alerts
How can I avoid getting my power disconnected?	If, for whatever reason, you are unable to pay your monthly bill, call Customer Care at 512-494-9400 to resolve the issue. If you are not yet on a payment arrangement plan or if you have broken your current payment arrangement, we will help you determine if you qualify for any payment arrangement options.	page:p09|intent:payment_arrangement
What happens if I don’t pay my bill on time?	You will receive mailed notifications from us that your utility bill is past due and payment in full is needed to prevent collection activities on your account, including possible disconnection of services. To prevent disconnection of services call Customer Care at 512-494-9400 to discuss options available to you.	page:p09|intent:payment_arrangement
Is a payment extension or payment arrangement better for me?	A payment extension allows you a little more time pay your current bill. A payment arrangement allows you to pay a past due balance in monthly installments until it is paid in full. Your current charges are due with the monthly installment by the bill's scheduled due date while you are paying a past due balance under the payment arrangement agreement. You should check the eligibility requirements for each option to help you decide which one is right for you.	page:p09|intent:payment_arrangement
How can I set up a payment arrangement?	You can set up a payment arrangement before you fall behind on your utility bills. Call Customer Care at 512-494-9400 or email us to see if you qualify. A customer service representative will review your account and determine your eligibility, the terms and options available to you, and the monthly installment amount. You can also log in to COA Utilities to request a 12-month payment arrangement online. Other payment terms and options may be available to customers who contact Customer Care by phone or email.	page:p09|intent:payment_arrangement
How does a payment arrangement work?	Payment arrangement installments may span up to 24 months or less based on your previous payment arrangement history. You may be required to make a down payment. In order to ensure you do not default on your payment arrangement, you must always pay your current bill and your payment arrangement installment by the due date.	page:p09|intent:payment_arrangement
How many payment arrangements will I get each year?	You have unlimited payment arrangements, as long as you have fulfilled all of your previous payment arrangements. If you no longer have payment arrangement options, you must bring your account current to qualify for future payment arrangement options.	page:p09|intent:payment_arrangement
What if I already had a payment arrangement, but broke it?	If you break your payment arrangement, you should contact us at 512-494-9400 to determine if another payment arrangement option is available. I am on the Customer Assistance Discount Program. Do the same guidelines apply? Customers enrolled in the discount are limited to a 24-month term or a maximum installment of $48 a month on the payment arrangement. This $48 is in addition to your current monthly bill charges.	page:p09|intent:payment_arrangement
How am I notified if my services are subject to be disconnected?	You will receive a mailed letter from the City notifying you that your account is past due and that your services are subject to disconnection after the stated due date. As a courtesy, the City may deliver a door hanger as well.	page:p10|intent:collections
What do I need to do if I receive the service disconnection notice letter?	If you receive a disconnection letter, the most important thing to do to avoid any interruption of service is to connect with City of Austin Utilities to pay your bill in full or to make a payment arrangement and/or to review financial assistance options.	page:p10|intent:collections
How do I contact the City of Austin Utilities?	Call Customer Care at 512-494-9400. The hours of operation are Monday through Friday, 7:00 a.m. to 9:00 p.m., and Saturdays from 9:00 a.m. to 1:00 p.m.	page:p10|intent:collections
How do I know the communication I have received is legitimate and not fraudulent?	City of Austin Utilities will never call and demand payment over the phone. We will never come to your door and demand direct payment. To confirm authenticity, contact Customer Care at 512-494-9400. They can review the status of your account and help report a crime if you have experienced someone impersonating utility employees.	page:p10|intent:collections
How long do I have until my services are disconnected?	The City cannot specify the exact amount of time each customer has before services are disconnected. However, at a minimum, service disconnection notice letters are delivered at least 10 business days before issuing a disconnect order. This allows time to make a payment or contact Customer Care for alternative payment assistance options.	page:p10|intent:collections
What if I cannot pay my bill?	The City understands some customers may be experiencing continued hardships making it difficult to pay their bill. We ask that you contact City of Austin Utilities Customer Care at 512-494-9400, where a Customer Service Representative will review your account and discuss available options such as payment arrangements and/or financial assistance.	page:p10|intent:collections
How do I have my services restored if they are disconnected for nonpayment?	To reconnect utility service that was disconnected for non-payment, you will be asked to pay the full past due balance. If your services are disconnected and your payment is made after 7:30 p.m., power restoration is not guaranteed same day. Please contact Customer Care at 512-494-9400 for options. A $25 reconnection fee will be assessed on your next utility bill.	page:p10|intent:collections
What if someone in my household has a medical need for electricity?	Customers with a serious or life-threatening medical condition can have their physician complete documentation to enroll in the Medically Vulnerable Registry (MVR), which provides case-management services and additional notification prior to disconnection. MVR is a service to help residents create an emergency plan in the event of disconnection but does not prevent disconnection or unplanned outages. Customers can begin the enrollment process by contacting Customer Care at 512-494-9400. Learn More Contact City of Austin Utilities Customer Care Get the FAQs about Payment Arrangements Get more information about Customer Assistance Programs (CAP)	page:p10|intent:collections
What are the qualifying documents?	To qualify, you must submit one of the following documents: Medicaid Notice of Case Action Letter from Texas Department of Health & Human Services Supplemental Nutrition Assistance Program (SNAP) Notice of Case Action Letter from Texas Department of Health and Human Services (also known as Food Stamps) Children’s Health Insurance Program (CHIP) Confirmation Enrollment Letter from Texas Department of Health and Human Services Telephone Lifeline Program Enrollment Letter or Phone Bill Reflecting Lifeline Enrollment Travis County Comprehensive Energy Assistance Program (CEAP) Notice of Payment Letter Medical Access Program (MAP) Clinic Card VASH award letter Supplemental Security Income (SSI) Award Letter	page:p13|intent:cap
Where can I get the qualifying documents?	You can request the Medicaid, SNAP, and CHIP qualifying documents by calling 2-1-1. This is a hotline provided by the Texas Health and Human Services Commission. When you dial 2-1-1, select a language, then choose Option 2 for information on state benefits including Medicaid, SNAP, and CHIP. There are several companies that participate in the Telephone Lifeline Program, so you should call your telephone provider to get proof of enrollment. The CEAP documentation can be obtained from your Travis County case worker. You can call 512-978-8130 to get a new copy of your MAP card. You can contact your VASH Case Manager to help you with the documentation requirement. You can request the SSI award letter by calling 1-800-772-1213 (TTY 1-800-325-0778) or by contacting your local Social Security office.	page:p13|intent:cap
Why can’t you accept my Medicaid ID card, Lone Star card, or CHIP card?	In order to qualify for the discount program we need to verify the address and current enrollment in one of the benefits programs. This information is not found on the Medicaid, Lone Star, or CHIP cards. In addition, anyone living at the utility service address can qualify the household for CAP Discounts and thus may not be listed on the utility account. The enrollment letters for Medicaid, SNAP, and CHIP allow us to verify all the necessary information such as address and current enrollment.	page:p13|intent:cap
How can I apply for the benefit programs?	You can call 2-1-1 to apply for Medicaid or SNAP. You can also enroll online using the Texas Department of Health and Human Services website. To apply for CHIP, call 1-877-543-7669 or learn how to apply at the Texas HHS website. You can apply for Lifeline Texas discounts by calling toll free 1-866-454-8387 or by downloading the application from the Public Utility Commission of Texas website. You can contact your local Travis County Health and Human Services Department office to apply for CEAP. Call 2-1-1 to find the nearest office. You can call 512-978-8130 to discuss eligibility for the Medical Access Program. You can apply for SSI by contacting Social Security for an appointment. To make an appointment, call 1-800-772-1213 (TTY 1-800-325-0778) or contact your local Social Security office. You can also fill out the online disability report from the Social Security website to get the process started.	page:p13|intent:cap
What discounts will I get?	How much will my discount be? The Customer Assistance Discount Program offers about $1,092 in yearly discounts off your utility bill depending on what utility services you have through the City of Austin. Discounts available: Electric Service Customer Charge waiver Discount on your total electrical usage Discount on your Community Benefit Charges Water Multi-Family Program discount Water Service Customer Charge waiver Water Tiered Fixed Charge waiver Water Volume Charge discount Wastewater Service Customer Charge waiver Wastewater Volume Charge discount Drainage Charge 50% discount	page:p13|intent:cap
Where do I find the discounts on my utility bill?	Discounts can be found under each utility service in the line items as “Cust Assist Program Cust Charge Discount,” “Cust Assist Prog. Credit,” or “Cust Assist Program Bill Discount.” Depending on what utilities you have through the City of Austin, you will find three discounts under Electric, four discounts under Water, three discounts under Wastewater, and one discount under Drainage.	page:p13|intent:cap
Who decides what the qualifying programs are?	City Council determines the qualifiers for the Customer Assistance Discount program.	page:p13|intent:cap
Who can join Power Partner?	Residential customers (both homeowners and renters) and small businesses with active Austin Energy accounts can enroll in Power Partner with an eligible smart thermostat. Commercial customers can participate in Austin Energy's Commercial Demand Response program.	page:p18|intent:rebates
How do I know if I am eligible for the Power Partner program?	You can participate in the Power Partner program if you have one or more eligible smart thermostats. You must also be an Austin Energy customer with a unique account number. Co-op and master-metered accounts are not eligible at this time. Other requirements include: Existing equipment must be connected and operational. You must have a standard air conditioning system (split system, package unit, or heat pump). The heater component may be gas or electric. Your air conditioning equipment must be in good mechanical condition and controlled by an approved, communicating thermostat device. Homeowners and renters are eligible to receive the Power Partner participation bill credit. Homeowners and renters may also receive the purchase and installation rebate if they purchased and installed the thermostat. Landlords are not eligible for Power Partner (but may be eligible for a separate $50 rebate for newly purchased and installed eligible devices). Applicants are limited to five (5) thermostats. I am a landlord whose rental property’s electric account is in my name. Can I enroll this property’s devices in Power Partner? No, only occupants of a premises (with electric accounts in their names) are eligible. After submitting my application when will I be notified of my status in the program? Austin Energy will provide email confirmation of your status in the program, typically within four weeks of applying.	page:p18|intent:rebates
Can I enroll in both Power Partner Thermostat and Power Partner EV?	Yes! Please visit Power Partner EV for more information.	page:p18|intent:rebates
How will I receive my program incentive?	The $75 enrollment incentive (for each eligible thermostat) will be issued in the form of an Austin Energy electric bill credit within 1-2 billing cycles after acceptance. Incentives may change during seasonal promotions. You will receive an additional $30 credit after one year of remaining in the program and every subsequent year for each device that stays enrolled in Power Partner. Customers will typically receive their annual incentives within 1 to 2 billing cycles of their enrollment anniversary date, subject to additional delays due to the volume of total program payouts in a given month. For example, if you enrolled your thermostat in June, you would receive your annual $30 incentive between July and August of the following year.	page:p18|intent:rebates
What can I expect during a Power Partner event?	When Austin Energy initiates a Power Partner event, your thermostat will be adjusted by up to 4 degrees. During the summer, Power Partner events are preceded by 30 minutes of pre-cooling of two degrees to help prolong your initial comfort level.	page:p18|intent:rebates
When do Power Partner Events typically occur?	Most Power Partner events occur during the summer (June 1–Sept. 30). Austin Energy may conduct events outside of these windows, such as extreme winter weather circumstances.	page:p18|intent:rebates
How will I know when a Power Partner Thermostat event is in progress?	Notifications will usually appear in two ways: (1) on the smart thermostat screen and/or (2) within the manufacturer’s smart thermostat app on a mobile device. Note: Austin Energy does not send Power Partner event notifications, which are set by the thermostat manufacturer. Manufacturers may or may not provide notifications prior to a Power Partner event.	page:p18|intent:rebates
Where can I go to find out if my thermostat is eligible for the program?	The Power Partner Thermostat program has partnered with a variety of common household thermostat brands. View a list of which models and brands are compatible in the Eligibility section.	page:p18|intent:rebates
Can I enroll multiple thermostats?	Applicants are limited to five (5) thermostats. New members of the program can earn a $75 bill credit for each eligible thermostat.	page:p18|intent:rebates
What if I don't want to participate in a Power Partner Thermostat event?	You can override Power Partner events at any time by simply adjusting the temperature on your thermostat or thermostat app. You will not be penalized for opting out of an event.	page:p18|intent:rebates
How can I permanently opt out of Power Partner Thermostat?	Customers who wish to permanently end their participation in Power Partner events may submit a Power Partner Opt Out request. Doing so will disqualify you from earning an annual incentive.	page:p18|intent:rebates
Where can I find the terms and conditions for this program?	View the terms and conditions for Power Partner on EnergyHub’s website.	page:p18|intent:rebates
Who can I contact if I have additional questions about the Power Partner Thermostat program?	Please email the Austin Energy Power Partner Program. Disclaimer Funding is limited and available only to Austin Energy customers on a first-come, first-served basis. Offerings are subject to change without notice. Rebates are not guaranteed until after Austin Energy's review and approval of the rebate application. Program guidelines include additional requirements and limitations for receiving the above rebates. Contact us for more details.	page:p18|intent:rebates
How do I sign up for GreenChoice?	You can request to enroll by completing our short webpage form or by calling Customer Care at 512-494-9400. Your subscription will appear on your next billing cycle.	page:p21|intent:greenchoice
What is renewable energy?	Renewable energy is generated from natural resources like sunlight, wind and heat from the earth. These sources are naturally replenished. Texas produces the most wind power in the nation.* Learn more about Austin Energy's commitment to the environment.	page:p21|intent:greenchoice
Where does Austin Energy get its wind and solar energy?	Austin Energy's renewable energy comes from wind and solar farms across Texas. Wind Generators Jumbo Road — 300 MW Whirlwind — 60 MW Hackberry — 165 MW Karankawa — 206 MW Whitetail — 92 MW Gulf — 170 MW Los Vientos 2 — 200 MW Los Vientos 3 — 200 MW Los Vientos 4 — 200 MW Raymond — 200 MW Solar Generators Webberville 12. Roserock – 157 MW East Pecos (Bootleg) – 118 MW Upton County – 157 MW Waymark – 178 MW East Blacklands – 144 MW Aragon – 180 MW	page:p21|intent:greenchoice
What is the GreenChoice program?	Austin Energy’s GreenChoice lets you choose 100% Texas wind and solar energy for your home or business. When you subscribe, Austin Energy buys renewable energy equal to the amount of electricity you use.	page:p21|intent:greenchoice
How does GreenChoice fit with other Austin Energy programs?	GreenChoice is one of several ways to support clean energy. You can also explore on-site solar, community solar, and electric vehicle charging programs to extend your renewable impact.	page:p21|intent:greenchoice
Why should I subscribe to GreenChoice?	Subscribing to GreenChoice helps reduce air pollution and conserve water by relying less on fossil fuels. Your subscription supports clean energy projects across Texas and helps build a more sustainable future.	page:p21|intent:greenchoice
If I sign up for GreenChoice, how much of the energy comes from solar and how much comes from wind?	The percentages of solar and wind energy allocated to GreenChoice subscribers will be approximately proportional to that generated by Austin Energy's overall energy portfolio for the previous fiscal year. For example, in Fiscal Year 2024 (October 2023 - October 2024), 32% of utility generation was from wind and 14% was from solar. Scaling up these values to a 100% renewable GreenChoice subscriber, the utility would cover about 70% of customer usage with wind and about 30% with solar energy.	page:p21|intent:greenchoice
If I sign up will my home or business receive electricity generated from renewable energy?	Electricity generated by wind and solar is not directed to a specific home or business. Renewable generation will continue to be obtained through the utility’s usual energy portfolio. However,  Austin Energy ensures enough wind and solar energy is purchased to match 100% of subscriber usage. While renewable energy enters the electric system daily, renewable generation is allocated to match subscriber consumption on a quarterly basis. GreenChoice® is the longest-running voluntary renewable energy program in Texas and is Green-e Energy® certified. It meets the environmental and consumer-protection standards set by the Center of Resource Solutions.	page:p21|intent:greenchoice
Where do GreenChoice funds go?	Your GreenChoice payments help Austin Energy continually invest in renewable energy. The Renewable Energy Certificates (RECs) applied to subscribers' accounts are removed from all other customers’ totals, ensuring fair and accurate accounting.	page:p21|intent:greenchoice
How does subscribing to GreenChoice affect my carbon footprint?	Energy usage billed at GreenChoice rates may claim zero emissions. This typically covers 100% of a subscriber's energy consumption.	page:p21|intent:greenchoice
What are Renewable Energy Certificates (RECs)?	A Renewable Energy Certificate, or REC, represents one megawatt-hour (MWh) of renewable electricity added to the grid. Each year, Austin Energy applies RECs to the amount of energy you use and retires them. This ensures no one else can claim your renewable energy. GreenChoice is audited and certified every year by Green-e Energy®. It verifies that GreenChoice meets strict environmental and consumer protection standards set by the Center for Resource Solutions.	page:p21|intent:greenchoice
How will subscribing to GreenChoice affect my bill?	The GreenChoice charge adds about $7.50 to a residential customer’s monthly bill (based on 1,000 kWh usage).	page:p21|intent:greenchoice
What happens if renewable energy costs go down?	GreenChoice rates are reviewed regularly. As a public power utility, Austin Energy makes sure that cost savings benefit all customers.	page:p21|intent:greenchoice
Will my Power Supply Adjustment (PSA) charge change?	Your PSA charge reflects the cost of generating and delivering energy to customers, and will remain the same. GreenChoice applies your renewable portion separately to keep billing transparent and fair for all customers.	page:p21|intent:greenchoice
Will GreenChoice participation affect my electric service?	No. GreenChoice participation does not change your electric service or reliability.	page:p21|intent:greenchoice
Do I need special equipment?	(e.g. Wi-Fi thermostat or extra meter)?No. You do not need any special equipment or technology to subscribe to GreenChoice.	page:p21|intent:greenchoice
Can I cancel?	Yes. Residential and commercial subscribers without a contract can unsubscribe at any time. Austin Energy requires two billing cycles to process a cancellation. Customers can also resubscribe to GreenChoice during the next calendar year. Subscriptions are not transferable from customer to customer. GreenChoice Energy Is Green-e ® Energy Certified GreenChoice is Green-e Energy certified and meets the environmental and consumer-protection standards set forth by the nonprofit Center for Resource Solutions. Learn more at www.green-e.org.	page:p21|intent:greenchoice
What is the Value of Solar (VoS) rate?	The Value of Solar (Vos) rate is how Austin Energy credits customers for the solar energy produced by their system. It reflects the value solar provides to the electric system and the Austin community.	page:p23|intent:home_solar
Why does Austin Energy use the Value of Solar?	Austin Energy is a not-for-profit community-owned utility. The Value of Solar helps make sure solar works fairly for everyone. Keeps costs fair for all customers Prevents shifting costs to customers without solar Supports a reliable electric grid over time Encourages steady, responsible growth of solar energy	page:p23|intent:home_solar
Is the Value of Solar rate the same for all solar customers?	Yes. All eligible solar customers receive the current Value of Solar rate for their system size for each kilowatt-hour their system produces. Note: Large commercial systems over 1 megawatt (MW) do not receive credits related to transmission costs.	page:p23|intent:home_solar
Why is the Value of Solar a flat rate?	The Value of Solar bill credit is administered as a flat rate. For simplicity, Austin Energy uses the average annual value to determine each year's assessment. The Value of Solar rate is equal to the average of the five previous years' assessments and is updated every three years.	page:p23|intent:home_solar
How is this different from net metering?	With net metering, solar credits depend on how much electricity you use. With the Value of Solar rate, your solar credit is based on the value of the energy your system produces, not your personal usage or billing tier. Therefore, a customer bill will show: Line items for electricity used at standard, tiered rates. A Value of Solar line item: “Solar Credit [Generation amount] PV kWh at $[Value of Solar Rate] per kWh”	page:p23|intent:home_solar
What is the Value of Solar rate based on?	The rate is based on the real, measurable benefits solar provides to the electric system. The bill credit is a set rate that averages the value of those benefits throughout the day and year. The rate is applied to 100% of your solar generation. Avoided Cost Components Description ERCOT Energy Savings The weighted average of the price of energy in the ERCOT market at the time that solar energy is produced Ancillary Services Savings The weighted average of the cost to make sure that the right number and type of power plants are running (to prevent an outage) Transmission Savings* Calculates savings based on the average generation at peak times, the sum of wholesale transmission service charges, and the total solar generation Societal Benefits References the federal social cost of carbon report based on integrated assessment models and Texas-specific carbon per kWh *For systems with a capacity greater than or equal to 1 MW-ac, Ancillary and Transmission Savings are excluded. While our customer-generated solar reduces the amount of electricity that Austin Energy purchases from the ERCOT market, it is important to note that solar does not reduce overhead distribution system costs. Customers with solar continue to receive service from the local grid infrastructure, including the poles, wires, transformers, substations, etc.	page:p23|intent:home_solar
How (and how often) is the Value of Solar rate changed?	The ‘Avoided Cost Components’ (ERCOT Energy Savings, Ancillary Services Savings, Transmission Savings and Societal Benefits) are summed annually. Every three years, the Value of Solar rate is re-calculated as the average of the previous five years.	page:p23|intent:home_solar
What were the historic Value of Solar rates?	Historic Value of Solar rates: Fiscal Year Oct-SeptResidential VoS (cents/kWh)Commercial <1,000 kW-ac VoS (cents/kWh)Commercial >1,000 kW-ac VoS (cents/kWh)2012 12.8 2013 12.8 2014 10.7 2015 11.3 2016 10.9 2017 10.6 2018 9.7 6.7 4.7 2019 9.7 6.7 4.7 2020 9.7 6.7 4.7 2021 9.7 6.7 4.7 2022 9.7 6.7 4.7 2023 9.91 9.91 7.24 2024 9.91 9.91 7.24 2025 9.91 9.91 7.24 2026 9.91 9.91 7.24 2027 12.89 12.89 10.22 2028 12.89 12.89 10.22 2029 12.89 12.89 10.22	page:p23|intent:home_solar
What are the Avoided Cost Component Values factored into the next rate update?	Below are the Avoided Cost Component Values that will be factored into the next rate update, October 2029. Note: These values will be approved through the Austin City Council Budget Review Process. Value of Solar for Systems <1 Megawatt (MW) Avoided Cost Components 2024 2025 2026 2027 2028 ERCOT Energy Savings $0.0355 $0.0281 TBD TBD TBD Ancillary Services Savings $0.0004 $0.0002 TBD TBD TBD Transmission Savings* $0.0301 $0.0187 TBD TBD TBD Societal Benefits $0.0230 $0.0230 TBD TBD TBD Total VoS for systems <1MW $0.0890 $0.0700 TBD TBD TBD Value of Solar for Systems >1 Megawatt (MW) Avoided Cost Components 2024 2025 2026 2027 2028 ERCOT Energy Savings $0.0355 $0.0281 TBD TBD TBD Ancillary Services Savings $0.0004 $0.0002 TBD TBD TBD Societal Benefits $0.0230 $0.0230 TBD TBD TBD Total VoS for systems >1MW $0.0589 $0.0513 TBD TBD TBD *For systems with a capacity greater than or equal to 1 MW-ac, Transmission Savings are excluded	page:p23|intent:home_solar
Does my Value of Solar bill credit change if I use more or less electricity?	No. Your Value of Solar bill credit is based on how much energy your system produces, not how much electricity you use.	page:p23|intent:home_solar
How do batteries affect the Value of Solar rate?	Batteries are not factored into the Value of Solar rate. The rate is only applied to energy generated from solar systems.	page:p23|intent:home_solar
What happens if I produce more solar credits that I use?	Excess solar credits will roll over to the next month’s electricity bill’s charges. These credits do not expire, though they have no cash value and will end if the account closes.	page:p23|intent:home_solar
What is the best way to keep track of my solar credits?	Austin Energy’s Solar Insights tool can be accessed by through your account on COAUtilities.com to see your solar generation.	page:p23|intent:home_solar
What if my solar system isn’t generating electricity?	If your system isn’t generating electricity, call your solar installation contractor to troubleshoot. Austin Energy is not responsible for solar system maintenance.	page:p23|intent:home_solar
What's causing my outage?	In general, there are three types of power outages you could experience at your home or business, including planned, unplanned, and controlled. Planned Outages — Planned outages are necessary to perform maintenance and repairs on electric infrastructure and equipment. Planned outages are also used for some scheduled tree trimming. Austin Energy will notify customers at least 48 hours in advance of any planned outages and restore power as quickly and safely as possible. Unplanned Outages — Unplanned outages can have many causes — severe weather, vehicle crashes, trees, animals, construction accidents or equipment failure. When an unplanned outage occurs, crews are ready to respond and restore power as safely and quickly as possible. Find out more on how Austin Energy restores power. Controlled Outages - Statewide Grid Events — The Electric Reliability Council of Texas (ERCOT) manages the statewide electric grid. When electricity use gets too close to the amount of available generation, that can strain the statewide grid and lead to an emergency situation. ERCOT has three emergency levels that help keep power flowing. The highest level calls for controlled outages to prevent a statewide blackout. You can check the Outage Map for the status of an outage, and find more information on types of outages.	page:p34|intent:safety
What do I do if a member of my family relies on a ventilator or other medical equipment?	Call 911 immediately if you have a medical emergency or your life is at risk. Do not wait for your power to be turned back on. The City of Austin offers a Medically Vulnerable Registry. If someone in your household has a long-term disease or critical illness, you may be eligible for the City’s registry of medically vulnerable customers and receive special support services. The registry does not affect the duration of a power outage or when power is restored.	page:p34|intent:safety
What should I do if I see a downed power line?	You should never approach a downed power line or a limb in contact with power line. Always treat downed power lines as live. During an outage, stay at least 35 feet away from any downed line. If you see a downed line, call Austin Energy at 512-322-9100. If you are trapped by a downed line — in your car, in an out-building or other structure — call 911.	page:p34|intent:safety
What is Austin Energy doing about trees that cause power outages?	An important part of Austin Energy’s electric system maintenance is tree trimming. Weather and trees cause more than one in three outages in our area. Each year, hundreds of miles of Austin Energy power lines are scheduled for tree trimming, helping keep our community safer and more ready for storms. During windy and stormy weather, swaying and broken tree branches can rub against wires or bring down power lines. In extreme cold, ice adds heavy weight and brings wires in contact with trees which may also lead to down power lines and power outages.	page:p34|intent:safety
How does Austin Energy communicate about widespread and long-lasting outages?	Austin Energy communicates with customers before, during and after power outages. If weather predictions show the potential for widespread and long-lasting outages, Austin Energy uses various ways to get the information out to the community. You can stay informed by: Tuning into local news on radio, TV or online. Visiting Austin Energy on Facebook and Twitter. Bookmarking the Current Conditions page. Signing up for Outage Alerts. Visiting the Outage Map. Ensuring Austin Energy has your current cell phone number and email address in your COA Utilities account notifications settings and outage alert preferences, or by calling 512-494-9400.	page:p34|intent:safety
How does Austin Energy decide whose power is turned on first?	Especially after severe weather or major events, outages can be complex and require crews to work through challenging conditions to locate, assess, coordinate and repair each issue on the system. Austin Energy has a phased restoration approach to prioritize our efforts and get power back as quickly and safely as possible. Find out more about our Restoration 1, 2, 3 process.	page:p34|intent:safety
Why did the power come back on in my neighbor's house, but not mine?	You may see a neighbor's lights come back on while you are still without power. Sometimes, not all circuits are restored at the same time — as different parts of your neighborhood may be connected to different circuits. Or a restored customer’s service comes directly from a primary line, which is restored first, while your service may be served off a secondary line. There may also be damage to customer-owned equipment that must be fixed before Austin Energy can restore power. A utility vehicle is parked down the street. Can I ask the crew for an update? No. Please stay away from crews working to restore power. Lineworkers have dangerous jobs and there are often hazards that you may not see. Please allow crews to work safely and efficiently without interruption. Be assured that Austin Energy lineworkers are highly trained professionals who are there to restore your power. They work quickly, but their top priority is safety — including yours.	page:p34|intent:safety
Why did an Austin Energy vehicle leave my neighborhood before my power was restored?	If you see a utility vehicle leave your neighborhood and your power has not yet been restored, it may be because multiple crews work on different aspects of a problem. For example, there may be repairs required at different locations. Also, smaller crews may leave without restoring power if the problem is so large that more workers are needed to fix the issue. You may also see a crew leaving your neighborhood because they must check or “patrol” a long section of the power line — one that may stretch out to another neighborhood — before restoring power. We make every effort to update our estimated time of restoration to reflect the up-to-the-minute status of the outage.	page:p34|intent:safety
What's causing my outage?	In general, there are three types of power outages you could experience at your home or business, including planned, unplanned, and controlled. Planned Outages — Planned outages are necessary to perform maintenance and repairs on electric infrastructure and equipment. Planned outages are also used for some scheduled tree trimming. Austin Energy will notify customers at least 48 hours in advance of any planned outages and restore power as quickly and safely as possible. Unplanned Outages — Unplanned outages can have many causes — severe weather, vehicle crashes, trees, animals, construction accidents or equipment failure. When an unplanned outage occurs, crews are ready to respond and restore power as safely and quickly as possible. Find out more on how Austin Energy restores power. Controlled Outages - Statewide Grid Events — The Electric Reliability Council of Texas (ERCOT) manages the statewide electric grid. When electricity use gets too close to the amount of available generation, that can strain the statewide grid and lead to an emergency situation. ERCOT has three emergency levels that help keep power flowing. The highest level calls for controlled outages to prevent a statewide blackout. You can check the Outage Map for the status of an outage, and find more information on types of outages.	page:p35|intent:safety
What do I do if a member of my family relies on a ventilator or other medical equipment?	Call 911 immediately if you have a medical emergency or your life is at risk. Do not wait for your power to be turned back on. The City of Austin offers a Medically Vulnerable Registry. If someone in your household has a long-term disease or critical illness, you may be eligible for the City’s registry of medically vulnerable customers and receive special support services. The registry does not affect the duration of a power outage or when power is restored.	page:p35|intent:safety
What should I do if I see a downed power line?	You should never approach a downed power line or a limb in contact with power line. Always treat downed power lines as live. During an outage, stay at least 35 feet away from any downed line. If you see a downed line, call Austin Energy at 512-322-9100. If you are trapped by a downed line — in your car, in an out-building or other structure — call 911.	page:p35|intent:safety
What is Austin Energy doing about trees that cause power outages?	An important part of Austin Energy’s electric system maintenance is tree trimming. Weather and trees cause more than one in three outages in our area. Each year, hundreds of miles of Austin Energy power lines are scheduled for tree trimming, helping keep our community safer and more ready for storms. During windy and stormy weather, swaying and broken tree branches can rub against wires or bring down power lines. In extreme cold, ice adds heavy weight and brings wires in contact with trees which may also lead to down power lines and power outages.	page:p35|intent:safety
How does Austin Energy communicate about widespread and long-lasting outages?	Austin Energy communicates with customers before, during and after power outages. If weather predictions show the potential for widespread and long-lasting outages, Austin Energy uses various ways to get the information out to the community. You can stay informed by: Tuning into local news on radio, TV or online. Visiting Austin Energy on Facebook and Twitter. Bookmarking the Current Conditions page. Signing up for Outage Alerts. Visiting the Outage Map. Ensuring Austin Energy has your current cell phone number and email address in your COA Utilities account notifications settings and outage alert preferences, or by calling 512-494-9400.	page:p35|intent:safety
How does Austin Energy decide whose power is turned on first?	Especially after severe weather or major events, outages can be complex and require crews to work through challenging conditions to locate, assess, coordinate and repair each issue on the system. Austin Energy has a phased restoration approach to prioritize our efforts and get power back as quickly and safely as possible. Find out more about our Restoration 1, 2, 3 process.	page:p35|intent:safety
Why did the power come back on in my neighbor's house, but not mine?	You may see a neighbor's lights come back on while you are still without power. Sometimes, not all circuits are restored at the same time — as different parts of your neighborhood may be connected to different circuits. Or a restored customer’s service comes directly from a primary line, which is restored first, while your service may be served off a secondary line. There may also be damage to customer-owned equipment that must be fixed before Austin Energy can restore power. A utility vehicle is parked down the street. Can I ask the crew for an update? No. Please stay away from crews working to restore power. Lineworkers have dangerous jobs and there are often hazards that you may not see. Please allow crews to work safely and efficiently without interruption. Be assured that Austin Energy lineworkers are highly trained professionals who are there to restore your power. They work quickly, but their top priority is safety — including yours.	page:p35|intent:safety
Why did an Austin Energy vehicle leave my neighborhood before my power was restored?	If you see a utility vehicle leave your neighborhood and your power has not yet been restored, it may be because multiple crews work on different aspects of a problem. For example, there may be repairs required at different locations. Also, smaller crews may leave without restoring power if the problem is so large that more workers are needed to fix the issue. You may also see a crew leaving your neighborhood because they must check or “patrol” a long section of the power line — one that may stretch out to another neighborhood — before restoring power. We make every effort to update our estimated time of restoration to reflect the up-to-the-minute status of the outage.	page:p35|intent:safety
Why does Austin Energy trim my trees?	We trim your trees to help prevent power outages, personal injury, and fires. Adequate trimming maintains compliance with the National Electric Safety Code and provides a safer environment around power lines. Tree limbs that rub against power lines can cause voltage fluctuations or outages and damage the power lines and limbs.	page:p39|intent:tree_trimming
How does Austin Energy decide to trim trees?	We use 'best practices' — We follow guidelines for tree trimming established by the American National Standard Institute and endorsed by the International Society of Arboriculture and the National Arbor Day Foundation. We trim by circuit — Our service area comprises roughly 250 distribution circuits, which are isolated sections of line that deliver power to specific areas. We perform maintenance trimming by circuit from beginning to end because a single problem tree limb can create an entire circuit outage. We trim specific areas — We trim trees along a line fuse section or area identified in a customer ticket request. If a portion of the circuit or line fuse is not trimmed and a tree limb falls on the line, the entire area may experience a power outage. We manage trees along bulk transmission lines — To ensure customer satisfaction, code-regulated reliability and safety levels, Austin Energy trims and removes trees along more than 600 miles of high-voltage, bulk transmission lines. Generally, bulk transmission lines are the thicker cables lines strung between tall towers. They deliver high-voltage power to a section of the city. We trim in emergency situations — Branches can break off or sag and damage power lines, especially during storms with heavy winds, hail, sleet, and ice. Often, our crews must trim away damaged tree limbs before safely repairing the electric system. During widespread storm events, power restoration is our priority, and brush resulting from power restoration will not be removed by Austin Energy or our contractors. Check the Austin Resource Recovery residential brush collection schedule and guidelines for curbside collection. We consider bird habitat — When possible, we avoid trimming from March to September to protect Golden-cheeked Warbler and Black-capped Vireo habitat areas. This applies to undeveloped areas west of MoPac. We consider oak wilt — We make every effort to avoid trimming red oak and live oak trees between February through June. This is when oak wilt is more likely to spread. However, we may conduct limited trimming during the oak wilt window in areas experiencing tree-related outages or emergencies. We sterilize all trimming equipment before use and paint pruning wounds year-round. See table below regarding our general maintenance trimming schedule, which considers local environmental constraints. During these periods, we trim all areas as necessary to help prevent outages, restore power, and ensure public safety. General Maintenance Pruning Schedule Month West of MOPAC West of I-35 East of I-35 January Prune Prune Prune February Prune Oak Wilt Prune March Bird Habitat Oak Wilt Prune April Bird Habitat Oak Wilt Prune May Bird Habitat Oak Wilt Prune June Bird Habitat Oak Wilt Prune July Bird Habitat July 1st Prune August Bird Habitat Prune Prune September Sept 1st Prune Prune October Prune Prune Prune November Prune Prune Prune December Prune Prune Prune	page:p39|intent:tree_trimming
How often will you trim my trees?	Ideally, we perform maintenance trimming every seven years. Doing so protects the health of your trees and keeps expenses manageable. This schedule adds up to trimming trees on 9,000 to 12,000 properties per year along more than 2,400 miles of utility distribution lines. We also make mid-cycle visits (about every three to four years) to asses vegetation growth and keep your power lines clear of vegetation.	page:p39|intent:tree_trimming
How much of the tree does Austin Energy trim?	The trimming clearance is dependent on the type of tree. Fast-growing species (e.g., Ligustrum, China Berry, Hackberry, and Pecan): 15 ft. Slow-growing species (e.g., Cedar, Cedar Elm, and Juniper): 10 ft. Along high-voltage transmission cables: minimum clearance is 25 ft. To ensure trimming cuts follow best practices additional clearances may be required. Austin Energy's Forestry Division follows industry best practices for utility trimming.	page:p39|intent:tree_trimming
What are you doing to keep the service area on a regular trimming schedule?	Austin Energy established a seven-year trimming sustainability plan. In 2019, Austin City Council increased trimming line clearances. In 2021, Council doubled our budget and we added a third contracting company. We are working diligently to get caught up from the past several years of tree growth and trimming backlog. To improve the customer experience, we have also streamlined our customer notification process for scheduled trimming. See the Notification Process FAQs for more information. We primarily aim to trim oak trees outside of oak wilt season (August - January). Our tree experts continue to prepare work plans so crews are ready to begin trimming oaks as soon as oak wilt season has closed. In areas dense with oak trees, however, we conduct limited trimming during oak wilt season. We consider all factors of tree health when doing so. Austin Energy conducts ongoing collaborative meetings with neighborhoods and residents to discuss work plans and timelines for utility tree trimming.	page:p39|intent:tree_trimming
How are trees trimmed?	Two types of trimming methods are generally used to remove tree limbs growing too close to power lines: A 'through' trimming removes limbs in the center of the tree, allowing the power lines to pass through the middle. A 'side' trimming removes all limbs on one side of the tree near the power line.	page:p39|intent:tree_trimming
What do the colored ribbons on my trees mean?	These ribbons all have the Austin Energy logo on them if they're part of our vegetation management plan. Trees marked with a green ribbon are slated for trimming. Trees marked with a pink ribbon are slated for removal.	page:p39|intent:tree_trimming
Who cleans up the vegetation debris?	Typically, our contractors remove all trimmed brush and tree limbs from your property. During trouble calls, it might take our contractors a few days to come back for the debris. If it has been more than a week, please contact our Forestry Division. During widespread storm events, power restoration is our priority and brush resulting from power restoration will not be removed by Austin Energy or our contractors. Check the Austin Resource Recovery residential brush collection schedule and guidelines for curbside collection. It is the customer's responsibility to dispose of any debris that is leftover from a ‘make-ready’ trim. See the answer to the next question below for details. In normal conditions, if requested, contractors can cut and stack limbs for firewood. You may also request wood chips from your trees to use as mulch from the contractor on-site.	page:p39|intent:tree_trimming
What if my tree service can’t safely perform work on my tree because of the proximity to power lines?	Customers can submit a request for a 'make-ready' trim or call our Forestry Division at 512-322-6771. This allows us to trim or remove vegetation that is within 10 feet of the primary and secondary wires that are not safe for a private contractor or property owner to remove. In this scenario, all brush will be left behind and is the customer's responsibility to dispose.	page:p39|intent:tree_trimming
Who makes up the Austin Energy Forestry Division?	We have a team of ISA Certified Arborists on our Forestry Division. They are knowledgeable and care about the health of your trees as much as you do. An ISA Certified Arborist is trained and knowledgeable in all aspects of arboriculture. ISA Certified Arborists must also adhere to the Code of Ethics that strengthens the credibility and reliability of the workforce. Austin Energy's Forestry Division also uses three contractors to assist with trimming projects. These contractors are: Asplundh, Davey Tree, and Wright. Electric Reliability and Trees	page:p39|intent:tree_trimming
Why am I experiencing frequent outages?	Power outages can happen for many reasons. The most common reasons for outages include: vegetation (trees and branches), weather, animals, construction, equipment failure and other objects that interfere with power lines, such as car crashes and balloons. Trees and other vegetation growing near power lines can have an impact on these common reasons. For example: If vegetation touches the power line in any way, this contact can create a power outage for anyone connected to this circuit. Existing trees and branches that encroach upon a power line can fall or be blown into power lines during storms. They can even scrape across power lines during slight breezes on 'blue sky days.' Trees provide better access for animals to make contact with power lines which may lead to outages. Construction accidents may cause outages — either by damaging buried power lines while digging, or by bumping or damaging trees near power lines. Make sure you call 8-1-1 before you dig. Trees can cause energy equipment failure or damage when branches fall and take down power lines, or when branches scape across lines and cause faults.	page:p39|intent:tree_trimming
What is being done in areas with frequent tree-related outages?	Austin Energy is working to address these outages as quickly and safely as we can. We have to balance proper trimming with environmental limitations such as oak wilt management and bird habitat. Additionally, in 2019, we increased trimming line clearances to prevent trees from encroaching too quickly on power lines. Austin City Council also approved increased funding and resources so that we can address areas with dense vegetation more routinely. To improve the customer experience, we have also streamlined our customer notification process for scheduled trimming. See the Notification Process FAQs for more information.	page:p39|intent:tree_trimming
Why am I experiencing an outage when there are no storms in the area?	Outages that happen outside of storms are called 'blue sky outages' in the utility industry. Animals, construction, and equipment failures can also cause outages. In many of these cases, trees can also be a secondary cause of the outage. For example, an overgrown tree limb making continuous contact with a power line can cause the transformer to malfunction. Overgrown trees also give animals access to utility infrastructure and cause outages.	page:p39|intent:tree_trimming
How do trees cause outage events?	If a tree touches the power line in any way, this contact can create a power outage for anyone connected to this circuit. An outage event on the mainline will cause power loss to all customers on the circuit. In some cases, a tree causing an additional outage closer to the home may not be detected until power is restored to the main line.	page:p39|intent:tree_trimming
How do my neighbor's trees have an impact on electric reliability?	You share a circuit with thousands of customers. Whatever happens on the circuit can happen to you. For example, while your home might be served by underground cables, there are other sections of the circuit that have above ground distribution lines. If a tree limb falls onto those above ground distribution lines, you could lose power as well because you're on the same circuit.	page:p39|intent:tree_trimming
How do I report trees near power lines?	If you have trees on your property that are within 10 feet of power lines, please do not attempt to trim these limbs on your own. Instead, submit a Tree Trimming Request Form. An inspector will evaluate your request within 2-4 weeks from the date of request. If the tree is not on your property, please report the incident to 3-1-1. If there are sparks and/or a limb pulling the line from a pole or the house, please call 512-322-9100 to report the utility emergency.	page:p39|intent:tree_trimming
How long does it take for a trimming request to be completed?	An inspector will evaluate your request within 2-4 weeks from the date of request. Dependent on the work needed and current workload, the trimming itself could take several more weeks.	page:p39|intent:tree_trimming
What can I do to prevent my trees from creating an electrical hazard?	Even though Austin Energy trims trees around electrical infrastructure to maintain safety and reliability, homeowners should maintain their trees to help prevent hazards to power lines and their home. Simple maintenance can keep trees from falling onto power lines or your house. You can trim trees that are outside the 10 feet safety zone of a power line. Keep the branches clipped back to keep them from reaching the power lines themselves. Proper trimming also decreases the chances of fallen limbs during storms. If the tree limb is within 10 feet of power lines, please do not trim it yourself. Instead, submit a Tree Trimming Request Form. Remove dead branches since they can fly onto power lines with strong winds. Plant the right tree in the right place. See the Removing and Planting Trees FAQs for more information. Notification Process	page:p39|intent:tree_trimming
How does Austin Energy work with homeowners?	Austin Energy is available to meet with each property owner to discuss work plans. To improve your customer experience, we have also streamlined our customer notification process for scheduled trimming: We notify your neighborhood leaders — We send your neighborhood association an early notification letter or email announcing planned trimming in your area. We come to your door — About two weeks after notifying your neighborhood association, our contractors will visit each property to assess trimming needs. A designated work planner discusses these needs with you, prepares a work plan, and marks affected trees with green (trimming) or pink (removal) ribbons with the Austin Energy logo. We leave information — If you are not home for the assessment, our designated work planner leaves the work plan on your door. If you wish to discuss the plan, call the number on the door hanger to schedule a visit. If you are not the property owner, please notify the owner. If we don’t hear from you, we’ll proceed with the trimming plan.	page:p39|intent:tree_trimming
What if I don’t agree with the work plan?	If you are not satisfied with the work plan, call the number on the door hanger to request a meeting with an Austin Energy representative who will explain the work and answer your questions. If you are still not satisfied after all discussions, and Austin Energy has exhausted its options, we will send you a certified letter detailing the work necessary on your property. After sending this letter, all necessary work will be performed to ensure safety and reliability of the electric system. Out of 9,000 to 12,000 affected properties, Austin Energy usually sends fewer than 50 certified letters in response to customer refusals each year. Removing and Planting Trees	page:p39|intent:tree_trimming
When does Austin Energy recommend tree removal?	We recommend removing fast-growing and/or invasive species trees such as Hackberry, Ligustrum, China Berry, diseased and decaying trees, or trees at risk of contacting power lines. We will recommend removing a tree that might not survive necessary trimming or may become risk as a result of trimming.	page:p39|intent:tree_trimming
What is the process for tree removal?	Under the City of Austin Tree Protection Ordinance, the Development Services Department must issue a permit for the removal of trees with a diameter of 19 inches or greater. Additionally, the Development Services Department must authorize the removal of trees with a diameter of between 8 and 19 inches.	page:p39|intent:tree_trimming
Do you offer replacement trees?	Yes. Subject to availability, we offer a variety of replacement trees from 5- to 15-gallon sizes, but we advise planting 5-gallon trees because their roots are more adaptable. See our Tree Replacement List. You may also want to download our Tree Replacement List flyer (pdf). If utility work requires a tree to be removed, customers should consult their work plan and contact the Austin Energy representative listed on the work plan to receive a replacement tree. If you are a customer who does not have a work plan, email the Austin Energy Forestry Division or call 512-322-6771 for more information. We also work with TreeFolks to deliver 4,500 trees every year through their NeighborWoods program. TreeFolks has 4 give-away events a year where you can get a free tree.	page:p39|intent:tree_trimming
Where should I plant my replacement tree?	It is important to select the right tree and plant it in the right place. Plant away from energized infrastructure — Trees within 20 feet of power lines should be smaller — less than 25 feet high fully grown. You must also observe a right-of-way easement of 6 feet from a utility pole and keep trees and shrubs clear of the opening to a pad-mounted transformer. Allow room to grow — Make sure a new tree has adequate room to grow. The tree must be clear of power and utility lines and poles, roofs and gutters, and underground electric and water lines. Locate underground utilities — Electric, water, sewer, and telephone lines may run through the area where you plan to plant. At least 3 days before you plant, visit Call Before You Dig or call 8-1-1. Firewise home — Try to plant trees far enough away from your home so that they won't grow into the eaves. Learn more about creating defensible spaces.	page:p39|intent:tree_trimming
What about vines on utility poles and power lines?	We will cut and apply an EPA-approved herbicide to the base of the vine and remove several feet along the pole. Austin Energy and our contractors will not remove the remaining dead vines that may stretch out along a fence or into surrounding flora. Trees in the Right of Way	page:p39|intent:tree_trimming
Which city department is in charge of trimming which trees?	Issues by City Department Vegetation/Tree Issue City Department Trees/Limbs near power lines Austin Energy Trees on street light facilities Austin Energy Trees on creeks Austin Watershed Protection Trees (public) on sidewalks, low-hanging branches over road, right-of-way roads Austin Transportation and Public Works Tree limbs bundled and left on curb for pick-up Austin Resource Recovery Tree limbs on traffic signals, stop signs, alleys Austin Transportation and Public Works Trees in greenbelts and parks Austin Parks and Recreation Tree issues on private property not related to any of the issues listed above Property owner’s responsibility Contact 3-1-1 or use the 311 app by submitting 'Other' to report concerns about trees and vegetation in the public right of way.	page:p39|intent:tree_trimming
How are property owners responsible for maintaining their trees and other vegetation?	Streets, sidewalks, and other public rights-of-way are for everyone's use. Property owners are responsible for their private trees and all other vegetation in the public right-of-way next to their property. Overgrown vegetation is a safety hazard and limits the use of sidewalks, trails, streets, and alleys. It further threatens public safety when vegetation blocks street light illumination, the view of traffic signs, signals, vehicles, or cyclists. Trim your trees and trim or remove any vegetation that obstructs or grows into sidewalks, streets, or alleys. Visit the Public Works Department for guidelines to help keep the right-of-way clear	page:p39|intent:tree_trimming
Who handles trees that are blocking streetlights?	For safety reasons, Austin Energy works to ensure roads are illuminated and streetlights are not impeded by trees. When Austin Energy plans line clearance work on energized circuits, we also inspect streetlights along those circuits. We identify if any trees are blocking illumination or touching streetlights or their wires. This inspection applies to streetlights with either underground or overhead lines. Because circuits will not be inspected again for 3-4 years, our planners capture any tree trimming required for these devices until the next patrol occurs. Austin Energy will work with property owners who have any concerns.	page:p39|intent:tree_trimming
