page_id,url,status,words,expected_words,quality
P01,https://austinenergy.com/outages/report-outages/report-outages,OK,148,300,OK
P02,https://austinenergy.com/outages/report-outages/Using-the-Outage-Map,OK,1109,1200,OK
P03,https://austinenergy.com/outages/report-outages/outage-alerts,OK,865,1200,OK
P04,https://austinenergy.com/residential/report-a-problem/report-a-problem,OK,273,800,OK
P05,https://austinenergy.com/rates/residential-rates/other-line-items-on-your-bill,OK,281,350,OK
P06,https://austinenergy.com/energy-efficiency/monitor-usage/residential,OK,108,150,OK
P07,https://austinenergy.com/residential/city-of-austin-utilities/Payment-Options,OK,641,2800,OK
P08,https://coautilities.com/wps/wcm/connect/occ/coa/util/support/payment/payment-arrangement,OK,513,800,OK
P09,https://www1.coautilities.com/wps/wcm/connect/occ/coa/util/support/payment/payment-arrangement-faq,OK,565,800,OK
P10,https://coautilities.com/wps/wcm/connect/occ/coa/util/support/payment/payment-collection-faqs,OK,544,1200,OK
P11,https://coautilities.com/wps/wcm/connect/occ/coa/util/support/billing/bill-disputes,OK,367,800,OK
P12,https://coautilities.com/wps/wcm/connect/occ/coa/util/support/customer-assistance/cap-overview,OK,174,250,OK
P13,https://coautilities.com/wps/wcm/connect/occ/coa/util/support/customer-assistance/utility-bill-discounts,OK,932,1200,OK
P14,https://austinenergy.com/energy-efficiency/rebates-incentives/residential/home-improvements/weatherization,OK,708,2800,OK
P15,https://austinenergy.com/energy-efficiency/rebates-incentives/residential,OK,312,150,OK
P16,https://austinenergy.com/energy-efficiency/rebates-incentives/residential/cooling-heating/ac,OK,1326,1200,OK
P17,https://austinenergy.com/energy-efficiency/rebates-incentives/residential/home-improvements/home-energy-savings,OK,1961,2500,OK
P18,https://austinenergy.com/energy-efficiency/rebates-incentives/residential/cooling-heating/pp-thermostat,OK,2028,3500,OK
P19,https://austinenergy.com/energy-efficiency/energy-saving-tips/residential,OK,1123,2500,OK
P20,https://austinenergy.com/green-power/greenchoice,OK,484,1200,OK
P21,https://austinenergy.com/green-power/greenchoice/faqs,OK,912,2800,OK
P22,https://austinenergy.com/green-power/solar-solutions/for-your-home,OK,2694,3500,OK
P23,https://austinenergy.com/green-power/solar-solutions/value-of-solar-rate/FAQs,OK,991,2800,OK
P24,https://austinenergy.com/green-power/plug-in-austin/home-charging,OK,825,2500,OK
P25,https://austinenergy.com/green-power/plug-in-austin/EVerything-Charging,OK,669,2500,OK
P26,https://coautilities.com/wps/wcm/connect/occ/coa/util/support/utility-service/start-stop-transfer,OK,537,700,OK
P27,https://coautilities.com/wps/wcm/connect/occ/coa/util/support/utility-service/fees-res,OK,974,2500,OK
P28,https://austinenergy.com/residential/residential-services/tree-trimming,OK,821,2800,OK
P29,https://austinenergy.com/residential/report-a-problem/report-telephone-scams,OK,509,1200,OK
P30,https://austinenergy.com/about/Electrical-Safety/Safety-at-home,OK,860,2100,OK
P31,https://austinenergy.com/about/Electrical-Safety/Weather-Safety,OK,473,800,OK
P32,https://austinenergy.com/residential/residential-services/lighting-services,OK,254,800,OK
P33,https://austinenergy.com/green-power/About-Renewable-Energy/About-Renewable-Energy,OK,816,1200,OK
P34,https://austinenergy.com/outages/report-outages/what-to-do-during-an-outage,OK,1542,2500,OK
P35,https://austinenergy.com/outages/current-conditions/FAQs,OK,1015,2100,OK
P36,https://austinenergy.com/outages/plan-ahead/How-We-Restore-Power,OK,544,1200,OK
P37,https://austinenergy.com/rates/residential-rates/residential-electric-rates-and-line-items,OK,730,2500,OK
P38,https://coautilities.com/wps/wcm/connect/occ/coa/util/support/payment/quick-payment,OK,426,800,OK
P39,https://austinenergy.com/residential/residential-services/tree-trimming/faqs,OK,3291,4500,OK
P40,https://austinenergy.com/residential/residential-services/smart-meters,OK,274,650,OK
P41,https://austinenergy.com/energy-efficiency/rebates-incentives/residential/appliances-equipment,OK,181,175,OK
P42,https://austinenergy.com/residential/report-a-problem/tips-to-avoid-rebate-scams,OK,467,800,OK
P43,https://austinenergy.com/green-power/plug-in-austin/power-partner-ev/FAQs,OK,923,2800,OK
P44,https://austinenergy.com/residential/report-a-problem/austin-energy-vs-customer-equipment,OK,859,1200,OK
P45,https://austinenergy.com/outages/plan-ahead/Outage-Safety,OK,708,1200,OK
P46,https://www.austintexas.gov/services/view-and-report-power-outages,OK,123,200,OK
P47,https://www.austintexas.gov/services/pay-utility-bill,OK,150,375,OK
