query_id,intent_group,query_type,expected_behavior,query,answer,confidence,qna_id,matched_page,answered_raw,answered_at_threshold,page_in_gold,latency_s,must_include,error
T001,Report Outage,Transactional,route,lights are out at my house how do i tell you,"No, Outage Alerts are for power outages only. To report a street light out, call 3-1-1. You can also report it using the 3-1-1 online service request or download the 3-1-1 mobile app.",0.5,16,p03,True,True,True,1.96,512-322-9100 OR text OUT to 287846 OR report online,
T002,Report Outage,Transactional,route,need to report a blackout,"No, Outage Alerts are for power outages only. To report a street light out, call 3-1-1. You can also report it using the 3-1-1 online service request or download the 3-1-1 mobile app.",0.182,16,p03,True,False,True,1.43,512-322-9100 OR text OUT to 287846 OR report online,
T003,Report Outage,Transactional,route,our whole block lost power,"You share a circuit with thousands of customers. Whatever happens on the circuit can happen to you. For example, while your home might be served by underground cables, there are other sections of the circuit that have above ground distribution lines. If a tree limb falls onto those above ground distribution lines, you could lose power as well because you're on the same circuit.",0.247,115,p39,True,False,False,1.02,512-322-9100 OR text OUT to 287846 OR report online,
T004,Report Outage,Transactional,route,can you send someone my power went out,"Report it online, text OUT to 287846, or call 512-322-9100. Austin Energy will send status updates by text as they are available.",0.652,129,p01,True,True,True,1.85,512-322-9100 OR text OUT to 287846 OR report online,
T005,Report Outage,Transactional,route,electricity is out where do i report it,Check your breakers if you can do so safely. Then check the Outage Map to see if an outage has already been reported in your neighborhood.,0.471,130,p01,True,False,True,1.44,512-322-9100 OR text OUT to 287846 OR report online,
T006,Report Outage,Clean paraphrase,answer,what's the fastest way to let austin energy know my power is off,"My power is still out.If power around you has been restored but yours is still out, you may have a nested outage — more than one issue leading to your power loss. Austin Energy may not be aware of this secondary outage, so please report it by texting OUT to 287846. I'm already signed up for Outage Alerts. My power came back on briefly and then went out again. Should I text OUT again?Yes. If your lights come on but then go back out, text OUT to 287846. Sí. Envíe APAGON por mensaje de texto a 287846 para reportar un apagó. I'm trying to report an outage by text, but keep getting an error message. What should I do?Please call 512-322-9100 and speak with a Customer Care Representative.",0.519,15,p03,True,True,True,1.69,512-322-9100 OR text OUT to 287846 OR report online,
T007,Report Outage,Ambiguous,clarify,nothing is working,"You may see a neighbor's lights come back on while you are still without power. Sometimes, not all circuits are restored at the same time — as different parts of your neighborhood may be connected to different circuits. Or a restored customer’s service comes directly from a primary line, which is restored first, while your service may be served off a secondary line. There may also be damage to customer-owned equipment that must be fixed before Austin Energy can restore power. A utility vehicle is parked down the street. Can I ask the crew for an update? No. Please stay away from crews working to restore power. Lineworkers have dangerous jobs and there are often hazards that you may not see. Please allow crews to work safely and efficiently without interruption. Be assured that Austin Energy lineworkers are highly trained professionals who are there to restore your power. They work quickly, but their top priority is safety — including yours.",0.013,91,p34,True,False,True,1.8,Asks whether it is a power outage; offers outage reporting,
T008,Report Outage,Clean paraphrase,answer,who do i contact when the lights go out,"No, Outage Alerts are for power outages only. To report a street light out, call 3-1-1. You can also report it using the 3-1-1 online service request or download the 3-1-1 mobile app.",0.468,16,p03,True,False,True,1.95,512-322-9100,
T009,Report Outage,Typos / slang,answer,pwr out cant get lights bak on,"Phone Number on the Account — You can also report an outage without your account number by giving Austin Energy the phone number associated with your account, along with your ZIP code. eBill — If you receive an eBill through your email account, and you can access email on your mobile phone, you can locate the account number on the eBill. Include leading or trailing zeros. Paper Bill — If you have a paper bill, and can locate it with a flashlight, the account number is located on the upper right-hand side. Include leading or trailing zeros.",0.418,13,p03,True,False,True,2.28,Check breakers if safe; report outage (512-322-9100 or text OUT to 287846),
T010,Report Outage,Clean paraphrase,answer,my neighborhood has no electricity,"If you see a utility vehicle leave your neighborhood and your power has not yet been restored, it may be because multiple crews work on different aspects of a problem. For example, there may be repairs required at different locations. Also, smaller crews may leave without restoring power if the problem is so large that more workers are needed to fix the issue. You may also see a crew leaving your neighborhood because they must check or “patrol” a long section of the power line — one that may stretch out to another neighborhood — before restoring power. We make every effort to update our estimated time of restoration to reflect the up-to-the-minute status of the outage.",0.327,100,p35,True,False,True,1.84,512-322-9100 OR text OUT to 287846 OR report online; check the Outage Map,
T011,Check Outage Status,Transactional,route,check outage status,"Your outage status may change based on what crews discover as they work through the outage. Crews may complete work on larger outages only to discover smaller clusters of customers who are still without power. These secondary outages are sometimes called “nested” outages. My outage was showing on the map earlier. My power is still out, so why isn’t it showing now? Do I need to report my outage again? Yes. Your power outage may be part of a secondary outage, sometimes called a nested outage. That’s when power is restored on a larger outage and some people regain power, but damage further down the line keeps power off for other customers. For example, a problem at a substation or with the transformer at the end of your block has been fixed but the tree that fell on the power line by your home is preventing your power from coming back on. When there is a secondary outage, Austin Energy may not be aware that your power is still out, so please report it again. Click Report Outage at the top of the map to report your outage online. You can also report an outage by texting OUT to 287246 or by calling 512-322-9100. Reporting your outage for a second time doesn’t necessarily mean that your outage will take longer to resolve. Austin Energy works to restore power in a manner that brings customers back online as quickly and efficiently as possible. Learn more about How We Restore Power.",0.661,5,p02,True,True,True,1.48,Outage Map,
T012,Check Outage Status,Transactional,route,is there a way to see when power will be back,"You may see a neighbor's lights come back on while you are still without power. Sometimes, not all circuits are restored at the same time — as different parts of your neighborhood may be connected to different circuits. Or a restored customer’s service comes directly from a primary line, which is restored first, while your service may be served off a secondary line. There may also be damage to customer-owned equipment that must be fixed before Austin Energy can restore power. A utility vehicle is parked down the street. Can I ask the crew for an update? No. Please stay away from crews working to restore power. Lineworkers have dangerous jobs and there are often hazards that you may not see. Please allow crews to work safely and efficiently without interruption. Be assured that Austin Energy lineworkers are highly trained professionals who are there to restore your power. They work quickly, but their top priority is safety — including yours.",0.637,91,p34,True,True,False,2.21,Outage Map; estimated restoration time when available,
T013,Check Outage Status,Transactional,route,show me outage map,"To learn more about an outage that is affecting your home or business, zoom in on your neighborhood. Select the icon in your area to learn more about the outage. Click Overview to see the number of active outages, the total affected customers, and other outage details. Estimated restoration times and the cause of the outage are provided as that information becomes available.",0.906,1,p02,True,True,True,1.99,Outage Map,
T014,Check Outage Status,Spanish,answer,quiero saber cuándo regresa la luz,"Sorry, I don't have an answer for that. Please call Customer Care at 512-494-9400.",0.0,-1,,False,False,False,0.26,Outage Map; estimated restoration time can change once crews assess damage,
T015,Check Outage Status,Clean paraphrase,answer,how long until service is restored,"To reconnect utility service that was disconnected for non-payment, you will be asked to pay the full past due balance. If your services are disconnected and your payment is made after 7:30 p.m., power restoration is not guaranteed same day. Please contact Customer Care at 512-494-9400 for options. A $25 reconnection fee will be assessed on your next utility bill.",0.556,32,p10,True,True,False,2.23,Restoration time depends on damage; estimate shown on Outage Map and may change,
T016,Outage Alerts,Ambiguous,clarify,can i get updates,"Yes. Even if you have signed up for Outage Alerts, you can always report an outage by calling 512-322-9100.",0.15,17,p03,True,False,True,1.71,Asks what kind of updates (outage alerts vs account or billing notices),
T017,Outage Alerts,Clean paraphrase,answer,how do i sign up for outage texts,"You can sign up to get outage alerts after your start of service date, whether you are new to Austin Energy or transferring service to a different address.",0.615,132,p04,True,True,False,1.78,Text REG to 287846 (or sign up online),
T018,Outage Alerts,Typos / slang,answer,how i get txts when power out,The Outage Alert system recognizes simple text messages like: “Register me for outage alerts” “My power is out” “When will my power be back on?” You may use also use the following text message codes to communicate with Austin Energy during a power outage: SMS Text Messaging Codes Description English (full) English (short) Español Register for Outage Alerts REGISTER REG RGS Report a power outage OUTAGE OUT APAGON Check power restoration status STATUS STAT ESTADO Temporarily stop receiving Outage Alerts PAUSE PAU INTERRUMPIR Resume receiving Outage Alerts RESUME RES CONTINUAR Cancel Outage Alerts STOP STOP ALTO Get help with Outage Alerts HELP HELP AYUDA,0.447,14,p03,True,False,False,1.71,Text REG to 287846,
T019,Outage Alerts,Clean paraphrase,answer,send outage notifications to my phone,"Yes. Even if you have signed up for Outage Alerts, you can always report an outage by calling 512-322-9100.",0.62,17,p03,True,True,True,1.62,Text REG to 287846 (or sign up online),
T020,Outage Alerts,Spanish,answer,cómo recibo alertas de apagones,The Outage Alert system recognizes simple text messages like: “Register me for outage alerts” “My power is out” “When will my power be back on?” You may use also use the following text message codes to communicate with Austin Energy during a power outage: SMS Text Messaging Codes Description English (full) English (short) Español Register for Outage Alerts REGISTER REG RGS Report a power outage OUTAGE OUT APAGON Check power restoration status STATUS STAT ESTADO Temporarily stop receiving Outage Alerts PAUSE PAU INTERRUMPIR Resume receiving Outage Alerts RESUME RES CONTINUAR Cancel Outage Alerts STOP STOP ALTO Get help with Outage Alerts HELP HELP AYUDA,0.309,14,p03,True,False,True,2.16,Text REG or REGISTRO to 287846,
T021,Downed Power Lines,Clean paraphrase,safety,there's a power line hanging in my yard,"You may see a neighbor's lights come back on while you are still without power. Sometimes, not all circuits are restored at the same time — as different parts of your neighborhood may be connected to different circuits. Or a restored customer’s service comes directly from a primary line, which is restored first, while your service may be served off a secondary line. There may also be damage to customer-owned equipment that must be fixed before Austin Energy can restore power. A utility vehicle is parked down the street. Can I ask the crew for an update? No. Please stay away from crews working to restore power. Lineworkers have dangerous jobs and there are often hazards that you may not see. Please allow crews to work safely and efficiently without interruption. Be assured that Austin Energy lineworkers are highly trained professionals who are there to restore your power. They work quickly, but their top priority is safety — including yours.",0.403,91,p34,True,False,False,1.85,Stay away (at least 35 feet); call 512-322-9100; 9-1-1 if life is at risk,
T022,Downed Power Lines,Ambiguous,safety,something fell near the pole,"If you have trees on your property that are within 10 feet of power lines, please do not attempt to trim these limbs on your own. Instead, submit a Tree Trimming Request Form. An inspector will evaluate your request within 2-4 weeks from the date of request. If the tree is not on your property, please report the incident to 3-1-1. If there are sparks and/or a limb pulling the line from a pole or the house, please call 512-322-9100 to report the utility emergency.",0.125,116,p39,True,False,False,1.13,Asks if a power line is down; if so stay 35 feet away and call 512-322-9100,
T023,Downed Power Lines,Clean paraphrase,safety,a wire is on the ground outside,"Weather and vegetation cause more than one in three outages in the Austin area. Swaying or broken limbs can rub against wires or bring down power lines, and ice can push wires into trees.",0.254,165,p28,True,False,False,1.88,Stay at least 35 feet away; call 512-322-9100,
T024,Downed Power Lines,Typos / slang,safety,power line dwn by road,"You should never approach a downed power line or a limb in contact with power line. Always treat downed power lines as live. During an outage, stay at least 35 feet away from any downed line. If you see a downed line, call Austin Energy at 512-322-9100. If you are trapped by a downed line — in your car, in an out-building or other structure — call 911.",0.269,87,p34,True,False,False,1.59,Stay at least 35 feet away; call 512-322-9100,
T025,Downed Power Lines,Clean paraphrase,safety,i think a utility line snapped during the storm,"Report outages online or call 512-322-9100, and call 9-1-1 for emergencies. Report downed or low hanging lines to 512-322-9100, stay at least 35 feet away, and never knock icicles off power lines.",0.292,171,p31,True,False,False,1.71,Stay at least 35 feet away; call 512-322-9100,
T026,Understand My Bill,Spanish,answer,por qué mi factura es tan alta,"Sorry, I don't have an answer for that. Please call Customer Care at 512-494-9400.",0.0,-1,,False,False,False,1.39,Tiered rates (higher use costs more per kWh); check usage in COA Utilities account,
T027,Understand My Bill,Clean paraphrase,answer,what is the power supply adjustment charge,"Your PSA charge reflects the cost of generating and delivering energy to customers, and will remain the same. GreenChoice applies your renewable portion separately to keep billing transparent and fair for all customers.",0.622,67,p21,True,True,False,2.11,Recovers cost of fuel and purchased power; 3.912 cents per kWh; adjusted annually,
T028,Understand My Bill,Ambiguous,clarify,my bill looks wrong,"The City understands some customers may be experiencing continued hardships making it difficult to pay their bill. We ask that you contact City of Austin Utilities Customer Care at 512-494-9400, where a Customer Service Representative will review your account and discuss available options such as payment arrangements and/or financial assistance.",0.189,31,p10,True,False,False,1.83,"Asks what looks wrong (amount, usage, or a specific charge); mentions dispute option",
T029,Understand My Bill,Clean paraphrase,answer,explain these charges on my bill,"They include the Customer Assistance Program, Service Area Lighting, and Energy Efficiency Programs. Together they fund bill discounts for qualifying customers, street lighting and traffic signals, and energy efficiency rebates.",0.746,133,p05,True,True,True,0.99,"Customer Charge, Energy Charge, Power Supply Adjustment, Community Benefit Charges, Regulatory Charge",
T030,Understand My Bill,Typos / slang,answer,y bill way higher this month,"The GreenChoice charge adds about $7.50 to a residential customer’s monthly bill (based on 1,000 kWh usage).",0.25,65,p21,True,False,False,1.96,Tiered rates (higher use costs more); check usage by day or month in COA Utilities account,
T031,Understand My Bill,Clean paraphrase,answer,what am i paying for besides electricity,"If your system isn’t generating electricity, call your solar installation contractor to troubleshoot. Austin Energy is not responsible for solar system maintenance.",0.181,84,p23,True,False,False,1.63,"Community Benefit Charges (CAP, Service Area Lighting, Energy Efficiency); Regulatory Charge",
T032,Understand My Bill,Spanish,answer,no entiendo los cargos en mi factura,"They include the Customer Assistance Program, Service Area Lighting, and Energy Efficiency Programs. Together they fund bill discounts for qualifying customers, street lighting and traffic signals, and energy efficiency rebates.",0.004,133,p05,True,False,True,1.88,"Names bill components (Customer Charge, Energy Charge, PSA, Community Benefit, Regulatory)",
T033,Understand My Bill,Clean paraphrase,answer,where can i see a breakdown of my bill,"Your COA Utilities account shows a breakdown of your bill by cooling and heating, appliances, electronics, and other uses. If you have solar panels, it also shows their energy production.",0.677,136,p06,True,True,True,0.82,"COA Utilities account shows breakdown by cooling and heating, appliances, electronics",
T034,Understand My Bill,Ambiguous,clarify,why am i being charged so much,Level 1 uses a regular 120 volt outlet and adds 3 to 5 miles per hour. Level 2 uses a 240 volt charger and adds 15 to 30 miles per hour. DC fast charging adds 150 to 400 miles per hour and can charge in under 30 minutes.,0.354,159,p25,True,False,False,2.05,"Asks whether it is high usage, rates, or a suspected billing error",
T035,Understand My Bill,Clean paraphrase,answer,what is the monthly customer charge,"Inside the City of Austin, there is a $17.35 monthly customer charge plus a four tier energy charge: 4.872 cents per kWh for the first 300 kWh, 5.395 cents up to 900 kWh, 7.901 cents up to 2,000 kWh, and 11.428 cents above 2,000 kWh.",0.733,173,p37,True,True,True,0.83,$17.35 per month,
T036,Payment Options,Typos / slang,answer,how i pay bill online,"Pay at a Utility Customer Service Center: North at 8716 Research Blvd., Suite 115, or South at 1901 W. William Cannon Drive, Suite 100. Both are open Monday through Friday, 8:00 a.m. to 4:30 p.m.",0.347,137,p07,True,False,True,1.51,Quick Payment online; $3.90 fee,
T037,Payment Options,Clean paraphrase,answer,what ways can i pay my utility bill,"The City understands some customers may be experiencing continued hardships making it difficult to pay their bill. We ask that you contact City of Austin Utilities Customer Care at 512-494-9400, where a Customer Service Representative will review your account and discuss available options such as payment arrangements and/or financial assistance.",0.903,31,p10,True,True,False,1.13,Quick Payment online or by phone; Utility Customer Service Centers; authorized pay stations,
T038,Payment Options,Spanish,answer,puedo pagar mi factura por internet,"Your 10-digit City of Austin Utilities account number OR the phone number associated with your account, and the ZIP code of the service address. You can find the account number on your paper bill or on your eBill, or through City of Austin Utilities Online Customer Care. Include any leading or trailing zeros.",0.003,12,p03,True,False,False,1.54,"Yes, Quick Payment online",
T039,Payment Options,Clean paraphrase,answer,can i pay over the phone,"City of Austin Utilities will never call and demand payment over the phone. We will never come to your door and demand direct payment. To confirm authenticity, contact Customer Care at 512-494-9400. They can review the status of your account and help report a crime if you have experienced someone impersonating utility employees.",0.278,29,p10,True,False,False,1.96,1-833-375-4919,
T040,Payment Options,Ambiguous,clarify,i need to make a payment,A payment extension allows you a little more time pay your current bill. A payment arrangement allows you to pay a past due balance in monthly installments until it is paid in full. Your current charges are due with the monthly installment by the bill's scheduled due date while you are paying a past due balance under the payment arrangement agreement. You should check the eligibility requirements for each option to help you decide which one is right for you.,0.419,21,p09,True,False,False,1.91,Asks whether they want to pay now or need more time (extension or arrangement),
T041,Payment Arrangement,Clean paraphrase,answer,can i split my bill into payments,"You can set up a payment arrangement before you fall behind on your utility bills. Call Customer Care at 512-494-9400 or email us to see if you qualify. A customer service representative will review your account and determine your eligibility, the terms and options available to you, and the monthly installment amount. You can also log in to COA Utilities to request a 12-month payment arrangement online. Other payment terms and options may be available to customers who contact Customer Care by phone or email.",0.449,22,p09,True,False,True,1.88,Payment arrangement spreads past due amount into monthly installments; 512-494-9400,
T042,Payment Arrangement,Typos / slang,answer,cant pay whole bill rn,"The City understands some customers may be experiencing continued hardships making it difficult to pay their bill. We ask that you contact City of Austin Utilities Customer Care at 512-494-9400, where a Customer Service Representative will review your account and discuss available options such as payment arrangements and/or financial assistance.",0.535,31,p10,True,True,False,1.75,Payment arrangement or extension; call 512-494-9400,
T043,Payment Arrangement,Clean paraphrase,answer,do you offer payment plans,"If you have returned payment items, such as returned checks, your account must be brought current before a new payment arrangement can be offered.",0.333,140,p08,True,False,True,1.8,"Yes, payment arrangements; call 512-494-9400 or request online",
T044,Payment Arrangement,Spanish,answer,necesito más tiempo para pagar mi factura,"Phone Number on the Account — You can also report an outage without your account number by giving Austin Energy the phone number associated with your account, along with your ZIP code. eBill — If you receive an eBill through your email account, and you can access email on your mobile phone, you can locate the account number on the eBill. Include leading or trailing zeros. Paper Bill — If you have a paper bill, and can locate it with a flashlight, the account number is located on the upper right-hand side. Include leading or trailing zeros.",0.008,13,p03,True,False,False,1.21,Payment extension or arrangement; 512-494-9400,
T045,Payment Arrangement,Clean paraphrase,answer,can i request a payment plan online,"You can set up a payment arrangement before you fall behind on your utility bills. Call Customer Care at 512-494-9400 or email us to see if you qualify. A customer service representative will review your account and determine your eligibility, the terms and options available to you, and the monthly installment amount. You can also log in to COA Utilities to request a 12-month payment arrangement online. Other payment terms and options may be available to customers who contact Customer Care by phone or email.",0.735,22,p09,True,True,False,1.61,"Yes, log in to COA Utilities to request a 12 month payment arrangement",
T046,Collections,Ambiguous,clarify,i got a letter in the mail,"You will receive a mailed letter from the City notifying you that your account is past due and that your services are subject to disconnection after the stated due date. As a courtesy, the City may deliver a door hanger as well.",0.463,26,p10,True,False,True,1.23,"Asks what the letter says (disconnection notice, bill, or possible scam)",
T047,Collections,Clean paraphrase,answer + offer human,will they cut off my power if im a week late paying,"If, for whatever reason, you are unable to pay your monthly bill, call Customer Care at 512-494-9400 to resolve the issue. If you are not yet on a payment arrangement plan or if you have broken your current payment arrangement, we will help you determine if you qualify for any payment arrangement options.",0.451,19,p09,True,False,True,1.72,Mailed past due notice first; disconnection possible after stated date; call 512-494-9400,
T048,Collections,Typos / slang,answer + offer human,got disconnect notice wat now,"The City cannot specify the exact amount of time each customer has before services are disconnected. However, at a minimum, service disconnection notice letters are delivered at least 10 business days before issuing a disconnect order. This allows time to make a payment or contact Customer Care for alternative payment assistance options.",0.513,30,p10,True,True,True,1.77,Call Customer Care 512-494-9400; options like payment arrangement or assistance,
T049,Collections,Clean paraphrase,answer + offer human,how do i keep my electricity from being shut off,"If your system isn’t generating electricity, call your solar installation contractor to troubleshoot. Austin Energy is not responsible for solar system maintenance.",0.258,84,p23,True,False,False,1.03,"Pay or call 512-494-9400 about extension, arrangement, or financial assistance",
T050,Collections,Spanish,answer + offer human,recibí un aviso de desconexión,"My power is still out.If power around you has been restored but yours is still out, you may have a nested outage — more than one issue leading to your power loss. Austin Energy may not be aware of this secondary outage, so please report it by texting OUT to 287846. I'm already signed up for Outage Alerts. My power came back on briefly and then went out again. Should I text OUT again?Yes. If your lights come on but then go back out, text OUT to 287846. Sí. Envíe APAGON por mensaje de texto a 287846 para reportar un apagó. I'm trying to report an outage by text, but keep getting an error message. What should I do?Please call 512-322-9100 and speak with a Customer Care Representative.",0.061,15,p03,True,False,False,1.96,Call Customer Care 512-494-9400 before the due date on the notice,
T051,Bill Dispute,Transactional,route,i think i was billed incorrectly,"The City understands some customers may be experiencing continued hardships making it difficult to pay their bill. We ask that you contact City of Austin Utilities Customer Care at 512-494-9400, where a Customer Service Representative will review your account and discuss available options such as payment arrangements and/or financial assistance.",0.086,31,p10,True,False,False,1.83,Request an administrative review; 512-494-9400; within 90 days,
T052,Bill Dispute,Transactional,route,how do i dispute a charge,Start by requesting an administrative review. Call Customer Care at 512-494-9400 or visit a Utility Customer Service Center. The request must be made within 90 days.,0.371,141,p11,True,False,True,1.14,Request an administrative review; 512-494-9400; within 90 days,
T053,Bill Dispute,Clean paraphrase,answer + offer human,someone needs to review my bill,"The City understands some customers may be experiencing continued hardships making it difficult to pay their bill. We ask that you contact City of Austin Utilities Customer Care at 512-494-9400, where a Customer Service Representative will review your account and discuss available options such as payment arrangements and/or financial assistance.",0.628,31,p10,True,True,False,1.43,Administrative review through Customer Care 512-494-9400,
T054,Bill Dispute,Ambiguous,clarify,this amount doesn't seem right,"Scammers may threaten to disconnect your service within an hour unless you pay right away with a gift card, prepaid card, payment app, or cryptocurrency. Others claim you overpaid and ask for your bank or card details to send a refund.",0.0,167,p29,True,False,False,0.75,Asks which amount and why; mentions administrative review if they want to dispute,
T055,Bill Dispute,Clean paraphrase,answer + offer human,how do i contest my electric bill,"If the administrative review does not resolve the problem, send a written hearing request within 30 days of the review. Include the nature of the dispute and the dollar amount contested. Mail it to City of Austin Utility Hearing Request, 4815 Mueller Blvd., Austin, TX 78723-3573, or send it by email.",0.053,142,p11,True,False,True,2.24,Administrative review within 90 days; then administrative hearing in writing within 30 days,
T056,CAP,Typos / slang,answer,any hlp paying utilty bill,"Yes. Authorized pay stations at stores such as H-E-B, CVS, Walgreens, Walmart, and Dollar General accept utility payments. Stores may charge a handling fee of $0.75 to $2.95. Bring a copy of your bill or the payment barcode.",0.442,138,p07,True,False,False,1.71,CAP utility bill discounts; Plus 1 emergency help; 512-494-9400,
T057,CAP,Clean paraphrase,answer,i'm struggling to pay my electric bill,"The City understands some customers may be experiencing continued hardships making it difficult to pay their bill. We ask that you contact City of Austin Utilities Customer Care at 512-494-9400, where a Customer Service Representative will review your account and discuss available options such as payment arrangements and/or financial assistance.",0.62,31,p10,True,True,False,1.9,CAP bill discounts; Plus 1 emergency fund; 512-494-9400,
T058,CAP,Spanish,answer,hay programas de ayuda para personas de bajos ingresos,"CAP Utility Bill Discounts, Financial Support Plus 1 for emergency help, Services for the Medically Vulnerable, and Austin Energy Weatherization Assistance. Each program has its own eligibility requirements.",0.163,143,p12,True,False,True,1.72,CAP utility bill discounts; qualify through programs like Medicaid or SNAP,
T059,CAP,Clean paraphrase,answer,do low income customers qualify for help,"You must be an Austin Energy customer enrolled in the Customer Assistance Program or the Medically Vulnerable Registry, and meet the 80% Median Family Income limit ($68,500 for a 1 person household). You must live in the home, which must be 2,500 square feet or smaller and more than 10 years old.",0.229,146,p14,True,False,False,2.17,"Enrolled in a qualifying program (Medicaid, SNAP, CHIP, etc.) or income under 200% of Federal Poverty Level",
T060,CAP,Ambiguous,clarify,can i get a discount,"How much will my discount be? The Customer Assistance Discount Program offers about $1,092 in yearly discounts off your utility bill depending on what utility services you have through the City of Austin. Discounts available: Electric Service Customer Charge waiver Discount on your total electrical usage Discount on your Community Benefit Charges Water Multi-Family Program discount Water Service Customer Charge waiver Water Tiered Fixed Charge waiver Water Volume Charge discount Wastewater Service Customer Charge waiver Wastewater Volume Charge discount Drainage Charge 50% discount",0.805,38,p13,True,True,True,1.16,Asks what kind (bill discount through CAP vs rebates on upgrades),
T061,CAP,Clean paraphrase,answer,what documents do i need for assistance,"To qualify, you must submit one of the following documents: Medicaid Notice of Case Action Letter from Texas Department of Health & Human Services Supplemental Nutrition Assistance Program (SNAP) Notice of Case Action Letter from Texas Department of Health and Human Services (also known as Food Stamps) Children’s Health Insurance Program (CHIP) Confirmation Enrollment Letter from Texas Department of Health and Human Services Telephone Lifeline Program Enrollment Letter or Phone Bill Reflecting Lifeline Enrollment Travis County Comprehensive Energy Assistance Program (CEAP) Notice of Payment Letter Medical Access Program (MAP) Clinic Card VASH award letter Supplemental Security Income (SSI) Award Letter",0.462,34,p13,True,False,True,2.08,"Case action letter for Medicaid, SNAP, or CHIP (ID cards not accepted); call 2-1-1 for copies",
T062,CAP,Typos / slang,answer,how do i aply 4 bill discount,"You can call 2-1-1 to apply for Medicaid or SNAP. You can also enroll online using the Texas Department of Health and Human Services website. To apply for CHIP, call 1-877-543-7669 or learn how to apply at the Texas HHS website. You can apply for Lifeline Texas discounts by calling toll free 1-866-454-8387 or by downloading the application from the Public Utility Commission of Texas website. You can contact your local Travis County Health and Human Services Department office to apply for CEAP. Call 2-1-1 to find the nearest office. You can call 512-978-8130 to discuss eligibility for the Medical Access Program. You can apply for SSI by contacting Social Security for an appointment. To make an appointment, call 1-800-772-1213 (TTY 1-800-325-0778) or contact your local Social Security office. You can also fill out the online disability report from the Social Security website to get the process started.",0.441,37,p13,True,False,True,2.02,Apply online (English or Spanish application); documents showing program enrollment,
T063,CAP,Clean paraphrase,answer,i need financial help,Plus 1 provides emergency financial help if you are having temporary difficulty paying your utility bills. Customers can also contribute to the fund through their monthly utility bill.,0.588,144,p12,True,True,True,0.9,"Lists CAP discounts, Plus 1, Medically Vulnerable services, Weatherization",
T064,CAP,Spanish,answer,ayuda para pagar la electricidad,"Phone Number on the Account — You can also report an outage without your account number by giving Austin Energy the phone number associated with your account, along with your ZIP code. eBill — If you receive an eBill through your email account, and you can access email on your mobile phone, you can locate the account number on the eBill. Include leading or trailing zeros. Paper Bill — If you have a paper bill, and can locate it with a flashlight, the account number is located on the upper right-hand side. Include leading or trailing zeros.",0.015,13,p03,True,False,False,1.03,CAP bill discounts; Plus 1; 512-494-9400,
T065,CAP,Clean paraphrase,answer,what programs exist if i can't afford my bill,"You can call 2-1-1 to apply for Medicaid or SNAP. You can also enroll online using the Texas Department of Health and Human Services website. To apply for CHIP, call 1-877-543-7669 or learn how to apply at the Texas HHS website. You can apply for Lifeline Texas discounts by calling toll free 1-866-454-8387 or by downloading the application from the Public Utility Commission of Texas website. You can contact your local Travis County Health and Human Services Department office to apply for CEAP. Call 2-1-1 to find the nearest office. You can call 512-978-8130 to discuss eligibility for the Medical Access Program. You can apply for SSI by contacting Social Security for an appointment. To make an appointment, call 1-800-772-1213 (TTY 1-800-325-0778) or contact your local Social Security office. You can also fill out the online disability report from the Social Security website to get the process started.",0.189,37,p13,True,False,False,1.54,CAP discounts; Plus 1 emergency fund; 512-494-9400,
T066,Weatherization,Ambiguous,clarify,my house is always hot,"Home Energy Savings is a whole house approach to energy efficiency. A participating contractor does a no cost in home assessment and recommends improvements. Rebates average $3,000, and improvements typically lower summer energy bills by an average of 20%.",0.031,151,p17,True,False,True,0.85,"Asks whether they want free weatherization (income based), rebates, or energy saving tips",
T067,Weatherization,Clean paraphrase,answer,can someone help make my home more energy efficient,"Home Energy Savings is a whole house approach to energy efficiency. A participating contractor does a no cost in home assessment and recommends improvements. Rebates average $3,000, and improvements typically lower summer energy bills by an average of 20%.",0.792,151,p17,True,True,True,1.45,"Weatherization Assistance (free, income qualified) or Home Energy Savings rebates",
T068,Weatherization,Typos / slang,answer,do i qualfy for free home repairs,"Free improvements may include attic insulation, duct repair and sealing, sealing cracks and gaps, sealing around doors, solar screens, carbon monoxide and smoke detectors, LED lighting, air conditioner inspection and cleaning, and a smart thermostat.",0.561,145,p14,True,True,True,1.78,Enrolled in CAP or Medically Vulnerable Registry and under 80% median family income,
T069,Weatherization,Clean paraphrase,answer,how do i sign up for weatherization,"You must be an Austin Energy customer enrolled in the Customer Assistance Program or the Medically Vulnerable Registry, and meet the 80% Median Family Income limit ($68,500 for a 1 person household). You must live in the home, which must be 2,500 square feet or smaller and more than 10 years old.",0.274,146,p14,True,False,True,1.77,Complete and submit the Weatherization Assistance Program Form,
T070,Weatherization,Spanish,answer,aislamiento gratis para mi casa,"Sorry, I don't have an answer for that. Please call Customer Care at 512-494-9400.",0.0,-1,,False,False,False,0.92,Free attic insulation for qualifying customers through Weatherization Assistance,
T071,Rebates,Clean paraphrase,answer,what rebates are available right now,"Austin Energy offers a $4,000 rebate for eligible home solar projects. Take the Solar Rebate Quiz to begin your rebate application. After your system is running, you also get bill credits for all the power it produces.",0.681,155,p22,True,True,False,1.74,"At least two programs with amounts (e.g. AC averaging $800, Home Energy Savings averaging $3,000)",
T072,Rebates,Ambiguous,clarify,rebate for my unit,"Austin Energy offers a rebate averaging $800 when a participating contractor installs a qualifying air conditioner or heat pump. Amounts range from $600 to $800 for central AC and $650 to $950 for heat pumps, depending on efficiency.",0.475,149,p16,True,False,True,1.9,"Asks what unit (AC unit, water heater, or apartment unit)",
T073,Rebates,Clean paraphrase,answer,what incentives can homeowners get,"The $75 enrollment incentive (for each eligible thermostat) will be issued in the form of an Austin Energy electric bill credit within 1-2 billing cycles after acceptance. Incentives may change during seasonal promotions. You will receive an additional $30 credit after one year of remaining in the program and every subsequent year for each device that stays enrolled in Power Partner. Customers will typically receive their annual incentives within 1 to 2 billing cycles of their enrollment anniversary date, subject to additional delays due to the volume of total program payouts in a given month. For example, if you enrolled your thermostat in June, you would receive your annual $30 incentive between July and August of the following year.",0.18,44,p18,True,False,False,1.19,"Lists residential rebates (AC, Home Energy Savings, water heater, solar)",
T074,Rebates,Typos / slang,answer,any rebaets for my hous,"Home Energy Savings is a whole house approach to energy efficiency. A participating contractor does a no cost in home assessment and recommends improvements. Rebates average $3,000, and improvements typically lower summer energy bills by an average of 20%.",0.684,151,p17,True,True,False,1.64,Lists residential rebates with amounts,
T075,Rebates,Clean paraphrase,answer,is there a rebate for a heat pump water heater,"Yes. Austin Energy offers a $1,000 rebate to install an ENERGY STAR certified hybrid electric (heat pump) water heater.",1.0,147,p15,True,True,True,1.85,"$1,000 rebate; ENERGY STAR certified",
T076,Rebates,Spanish,answer,hay reembolso por un aire acondicionado nuevo,"No. Residential GreenChoice has no contract, no expiration date, no subscriber fee, and no penalty to unsubscribe. It adds $0.0075 per kilowatt hour to your bill.",0.022,153,p20,True,False,False,1.95,Rebate averaging $800; participating contractor,
T077,Rebates,Clean paraphrase,answer,can i get money back for replacing my hvac,"If you have returned payment items, such as returned checks, your account must be brought current before a new payment arrangement can be offered.",0.051,140,p08,True,False,False,1.78,Rebate averaging $800; must use a participating contractor,
T078,Rebates,Ambiguous,clarify,my ac is old,"You must receive electricity from Austin Energy and use an Austin Energy participating contractor. The system being replaced must be 10 years old or older, and your contractor must submit the rebate application within 90 days of installation.",0.132,150,p16,True,False,True,1.92,"Asks whether they want a replacement rebate, a tune up, or efficiency help",
T079,Rebates,Clean paraphrase,answer,rebate for attic insulation,"Austin Energy offers a rebate averaging $800 when a participating contractor installs a qualifying air conditioner or heat pump. Amounts range from $600 to $800 for central AC and $650 to $950 for heat pumps, depending on efficiency.",0.403,149,p16,True,False,False,1.33,Attic insulation is covered under Home Energy Savings; participating contractor required,
T080,Rebates,Typos / slang,answer,insulashun rebate??,"Austin Energy offers a rebate averaging $800 when a participating contractor installs a qualifying air conditioner or heat pump. Amounts range from $600 to $800 for central AC and $650 to $950 for heat pumps, depending on efficiency.",0.588,149,p16,True,True,False,1.17,Home Energy Savings covers attic insulation; participating contractor,
T081,GreenChoice,Clean paraphrase,answer,can my house run on wind and solar,"Electricity generated by wind and solar is not directed to a specific home or business. Renewable generation will continue to be obtained through the utility’s usual energy portfolio. However,  Austin Energy ensures enough wind and solar energy is purchased to match 100% of subscriber usage. While renewable energy enters the electric system daily, renewable generation is allocated to match subscriber consumption on a quarterly basis. GreenChoice® is the longest-running voluntary renewable energy program in Texas and is Green-e Energy® certified. It meets the environmental and consumer-protection standards set by the Center of Resource Solutions.",0.815,61,p21,True,True,True,1.94,"GreenChoice; about $7.50 more per month at 1,000 kWh",
T082,GreenChoice,Spanish,answer,cómo me inscribo en energía renovable,"Renewable energy is generated from natural resources like sunlight, wind and heat from the earth. These sources are naturally replenished. Texas produces the most wind power in the nation.* Learn more about Austin Energy's commitment to the environment.",0.611,55,p21,True,True,True,2.02,GreenChoice; sign up with the online form or call 512-494-9400,
T083,GreenChoice,Clean paraphrase,answer,how much extra does green power cost,"GreenChoice rates are reviewed regularly. As a public power utility, Austin Energy makes sure that cost savings benefit all customers.",0.436,66,p21,True,False,True,1.55,"$0.0075 per kWh; about $7.50 per month at 1,000 kWh",
T084,GreenChoice,Ambiguous,clarify,i want clean energy,"GreenChoice is one of several ways to support clean energy. You can also explore on-site solar, community solar, and electric vehicle charging programs to extend your renewable impact.",0.452,58,p21,True,False,False,1.43,Asks whether they mean subscribing to GreenChoice or installing their own solar,
T085,GreenChoice,Clean paraphrase,answer,is there a penalty if i stop greenchoice,"No. Residential GreenChoice has no contract, no expiration date, no subscriber fee, and no penalty to unsubscribe. It adds $0.0075 per kilowatt hour to your bill.",0.513,153,p20,True,True,True,2.08,No penalty; can unsubscribe any time; takes two billing cycles,
T086,Home Solar,Typos / slang,answer,do yall buy back solr power,"The Power Supply Adjustment recovers the cost of fuel for power plants and electricity bought from the grid, dollar for dollar. It is currently 3.912 cents per kWh and is adjusted annually.",0.168,174,p37,True,False,False,0.81,Value of Solar bill credit; 12.89 cents per kWh,
T087,Home Solar,Clean paraphrase,answer,how much is the rebate for putting panels on my roof,"Austin Energy offers a $4,000 rebate for eligible home solar projects. Take the Solar Rebate Quiz to begin your rebate application. After your system is running, you also get bill credits for all the power it produces.",0.477,155,p22,True,False,True,1.85,"$4,000 rebate for eligible home solar projects",
T088,Home Solar,Spanish,answer,cuánto me pagan por la energía solar que produzco,"No. Your Value of Solar bill credit is based on how much energy your system produces, not how much electricity you use.",0.365,80,p23,True,False,True,2.05,Value of Solar credit of 12.89 cents per kWh,
T089,Home Solar,Clean paraphrase,answer,what happens to solar credits i dont use,"Excess solar credits will roll over to the next month’s electricity bill’s charges. These credits do not expire, though they have no cash value and will end if the account closes.",0.922,82,p23,True,True,True,1.34,Credits roll over to next month; apply to electric charges only,
T090,Home Solar,Ambiguous,clarify,solar,"Austin Energy is a not-for-profit community-owned utility. The Value of Solar helps make sure solar works fairly for everyone. Keeps costs fair for all customers Prevents shifting costs to customers without solar Supports a reliable electric grid over time Encourages steady, responsible growth of solar energy",0.599,72,p23,True,True,True,1.34,"Asks whether they mean the rebate, bill credits, or GreenChoice",
T091,EV Programs,Clean paraphrase,answer,is there a rebate for a home ev charger,"Austin Energy covers 50% of the cost, up to $500, for a Power Partner EV compatible Level 2 home charging station. You must enroll in Power Partner EV to receive the rebate.",0.918,157,p24,True,True,True,2.16,50% of cost up to $500; must enroll in Power Partner EV,
T092,EV Programs,Typos / slang,answer,ev chargr rebate how much,"Austin Energy covers 50% of the cost, up to $500, for a Power Partner EV compatible Level 2 home charging station. You must enroll in Power Partner EV to receive the rebate.",0.912,157,p24,True,True,True,0.96,Up to $500 (50% of cost),
T093,EV Programs,Clean paraphrase,answer,whats the cheapest time to charge my car,"Charge between 10 p.m. and 6 a.m., when wind power peaks on the Texas grid. Avoid charging between 4 p.m. and 7 p.m., when there is typically less capacity on the grid.",0.586,160,p25,True,True,True,1.82,Charge between 10 p.m. and 6 a.m.; avoid 4 to 7 p.m.,
T094,EV Programs,Spanish,answer,dónde puedo cargar mi carro eléctrico en austin,"Inside the City of Austin, there is a $17.35 monthly customer charge plus a four tier energy charge: 4.872 cents per kWh for the first 300 kWh, 5.395 cents up to 900 kWh, 7.901 cents up to 2,000 kWh, and 11.428 cents above 2,000 kWh.",0.072,173,p37,True,False,False,1.66,"Plug-In EVerywhere network; 1,400+ public Level 2 ports",
T095,EV Programs,Clean paraphrase,answer,what is power partner ev,You can override Power Partner events at any time by simply adjusting the temperature on your thermostat or thermostat app. You will not be penalized for opting out of an event.,0.425,50,p18,True,False,False,1.83,Austin Energy slows or delays charging during peak events; $50 enrollment credit; can opt out,
T096,Start/Stop/Transfer Service,Transactional,route,im moving out and need to shut off my electricity,"Your COA Utilities account shows a breakdown of your bill by cooling and heating, appliances, electronics, and other uses. If you have solar panels, it also shows their energy production.",0.268,136,p06,True,False,False,1.08,"Call 512-494-9400, Online Customer Care, or a walk in center",
T097,Start/Stop/Transfer Service,Transactional,route,start electric service at my new apartment,It costs $20 to start electric or water service and $15 to start solid waste service. A $200 security deposit is required to begin residential service.,0.44,163,p27,True,False,True,1.75,Call 512-494-9400 or Online Customer Care; $20 start fee and $200 deposit (can be waived),
T098,Start/Stop/Transfer Service,Transactional,route,transfer my utilities to my new address next week,"Call Customer Care at 512-494-9400, register with Online Customer Care to request new service or changes, or visit a walk in Utility Customer Service Center.",0.318,161,p26,True,False,True,0.87,"Call 512-494-9400, Online Customer Care, or a walk in center",
T099,Start/Stop/Transfer Service,Transactional,route,stop service at my old place,"You may not qualify if your account is on Budget Billing, you asked to stop service, a previous arrangement or extension was not met, you had returned payments or a disconnection for non-payment, the account was sent to a debt collector, it is under a bankruptcy filing, or the meter was tampered with.",0.115,139,p08,True,False,False,0.94,"Call 512-494-9400, Online Customer Care, or a walk in center",
T100,Start/Stop/Transfer Service,Transactional,route,i need to put the power in my name,"You can participate in the Power Partner program if you have one or more eligible smart thermostats. You must also be an Austin Energy customer with a unique account number. Co-op and master-metered accounts are not eligible at this time. Other requirements include: Existing equipment must be connected and operational. You must have a standard air conditioning system (split system, package unit, or heat pump). The heater component may be gas or electric. Your air conditioning equipment must be in good mechanical condition and controlled by an approved, communicating thermostat device. Homeowners and renters are eligible to receive the Power Partner participation bill credit. Homeowners and renters may also receive the purchase and installation rebate if they purchased and installed the thermostat. Landlords are not eligible for Power Partner (but may be eligible for a separate $50 rebate for newly purchased and installed eligible devices). Applicants are limited to five (5) thermostats. I am a landlord whose rental property’s electric account is in my name. Can I enroll this property’s devices in Power Partner? No, only occupants of a premises (with electric accounts in their names) are eligible. After submitting my application when will I be notified of my status in the program? Austin Energy will provide email confirmation of your status in the program, typically within four weeks of applying.",0.175,42,p18,True,False,False,1.01,Start service via 512-494-9400 or Online Customer Care; deposit may apply,
T101,Start/Stop/Transfer Service,Ambiguous,clarify,im moving,"Power outages can happen for many reasons. The most common reasons for outages include: vegetation (trees and branches), weather, animals, construction, equipment failure and other objects that interfere with power lines, such as car crashes and balloons. Trees and other vegetation growing near power lines can have an impact on these common reasons. For example: If vegetation touches the power line in any way, this contact can create a power outage for anyone connected to this circuit. Existing trees and branches that encroach upon a power line can fall or be blown into power lines during storms. They can even scrape across power lines during slight breezes on 'blue sky days.' Trees provide better access for animals to make contact with power lines which may lead to outages. Construction accidents may cause outages — either by damaging buried power lines while digging, or by bumping or damaging trees near power lines. Make sure you call 8-1-1 before you dig. Trees can cause energy equipment failure or damage when branches fall and take down power lines, or when branches scape across lines and cause faults.",0.021,111,p39,True,False,False,1.56,"Asks whether they need to start, stop, or transfer service",
T102,Start/Stop/Transfer Service,Clean paraphrase,answer,how do i transfer utilities,"Call Customer Care at 512-494-9400, register with Online Customer Care to request new service or changes, or visit a walk in Utility Customer Service Center.",0.696,161,p26,True,True,True,1.99,"Call 512-494-9400, Online Customer Care, or a walk in center",
T103,Start/Stop/Transfer Service,Typos / slang,answer,movin houses need lights on at new place,It covers the cost of street lighting (except lights maintained by the Texas Department of Transportation) and the operation of traffic signals in the City of Austin. Customers who live outside the City do not pay this charge.,0.401,134,p05,True,False,False,1.47,Start or transfer service via 512-494-9400 or Online Customer Care,
T104,Start/Stop/Transfer Service,Clean paraphrase,answer,do i have to pay a deposit to start service,It costs $20 to start electric or water service and $15 to start solid waste service. A $200 security deposit is required to begin residential service.,0.643,163,p27,True,True,True,1.97,"$200 deposit for residential service; can be waived (e.g. good payment history, Autopay and eBill)",
T105,Start/Stop/Transfer Service,Spanish,answer,transferir mi servicio,"Call Customer Care at 512-494-9400, register with Online Customer Care to request new service or changes, or visit a walk in Utility Customer Service Center.",0.637,161,p26,True,True,True,1.82,"Call 512-494-9400, Online Customer Care, or a walk in center",
T106,Scam Awareness,Clean paraphrase,answer,someone called saying theyll cut my power in an hour unless i pay,"Scammers may threaten to disconnect your service within an hour unless you pay right away with a gift card, prepaid card, payment app, or cryptocurrency. Others claim you overpaid and ask for your bank or card details to send a refund.",0.356,167,p29,True,False,True,1.67,Likely a scam; hang up and dial 3-1-1; check account at 512-494-9400,
T107,Scam Awareness,Ambiguous,clarify,i got a weird call about my account,"If you have more than five Austin Energy electric service accounts, you need to call 512-494-9400 and a representative will help you.",0.329,18,p03,True,False,False,1.44,"Asks what the caller wanted; if they demanded payment, hang up and call 3-1-1",
T108,Scam Awareness,Clean paraphrase,answer,they want me to pay my bill with a gift card is that real,"Quick Payment accepts ATM and debit cards, electronic checks, Visa, MasterCard, Discover, American Express, PayPal, Venmo, Google Pay, and Apple Pay.",0.554,176,p38,True,True,False,1.55,Scam sign (gift card or prepaid card payment); hang up and report to 3-1-1,
T109,Scam Awareness,Clean paraphrase,answer,a guy at my door says hes from austin energy selling solar panels,Austin Energy's renewable energy comes from wind and solar farms across Texas. Wind Generators Jumbo Road — 300 MW Whirlwind — 60 MW Hackberry — 165 MW Karankawa — 206 MW Whitetail — 92 MW Gulf — 170 MW Los Vientos 2 — 200 MW Los Vientos 3 — 200 MW Los Vientos 4 — 200 MW Raymond — 200 MW Solar Generators Webberville 12. Roserock – 157 MW East Pecos (Bootleg) – 118 MW Upton County – 157 MW Waymark – 178 MW East Blacklands – 144 MW Aragon – 180 MW,0.542,56,p21,True,True,False,1.84,Austin Energy does not sell solar door to door; say not interested; report to 3-1-1,
T110,Scam Awareness,Clean paraphrase,answer,how do i know if a rebate offer is legit,"Austin Energy offers a rebate averaging $800 when a participating contractor installs a qualifying air conditioner or heat pump. Amounts range from $600 to $800 for central AC and $650 to $950 for heat pumps, depending on efficiency.",0.52,149,p16,True,True,False,0.81,Verify it on the official Austin Energy program website; report suspicious offers,
T111,Tree Trimming,Ambiguous,clarify,tree branches are touching power lines,"Even though Austin Energy trims trees around electrical infrastructure to maintain safety and reliability, homeowners should maintain their trees to help prevent hazards to power lines and their home. Simple maintenance can keep trees from falling onto power lines or your house. You can trim trees that are outside the 10 feet safety zone of a power line. Keep the branches clipped back to keep them from reaching the power lines themselves. Proper trimming also decreases the chances of fallen limbs during storms. If the tree limb is within 10 feet of power lines, please do not trim it yourself. Instead, submit a Tree Trimming Request Form. Remove dead branches since they can fly onto power lines with strong winds. Plant the right tree in the right place. See the Removing and Planting Trees FAQs for more information. Notification Process",0.774,118,p39,True,True,True,1.34,Asks if lines are down or sparking (then call 512-322-9100); otherwise submit a Tree Trimming Request,
T112,Tree Trimming,Clean paraphrase,answer,can i request tree trimming,"If you have trees on your property that are within 10 feet of power lines, please do not attempt to trim these limbs on your own. Instead, submit a Tree Trimming Request Form. An inspector will evaluate your request within 2-4 weeks from the date of request. If the tree is not on your property, please report the incident to 3-1-1. If there are sparks and/or a limb pulling the line from a pole or the house, please call 512-322-9100 to report the utility emergency.",0.699,116,p39,True,True,True,1.64,Submit a Tree Trimming Request Form; inspector evaluates within 2 to 4 weeks,
T113,Tree Trimming,Clean paraphrase,answer,who trims trees near utility lines,"If you have trees on your property that are within 10 feet of power lines, please do not attempt to trim these limbs on your own. Instead, submit a Tree Trimming Request Form. An inspector will evaluate your request within 2-4 weeks from the date of request. If the tree is not on your property, please report the incident to 3-1-1. If there are sparks and/or a limb pulling the line from a pole or the house, please call 512-322-9100 to report the utility emergency.",0.899,116,p39,True,True,True,1.85,Austin Energy Forestry trims trees near power lines; do not trim limbs within 10 feet of lines yourself,
T114,Tree Trimming,Clean paraphrase,answer,dangerous tree near electrical wires,"Even though Austin Energy trims trees around electrical infrastructure to maintain safety and reliability, homeowners should maintain their trees to help prevent hazards to power lines and their home. Simple maintenance can keep trees from falling onto power lines or your house. You can trim trees that are outside the 10 feet safety zone of a power line. Keep the branches clipped back to keep them from reaching the power lines themselves. Proper trimming also decreases the chances of fallen limbs during storms. If the tree limb is within 10 feet of power lines, please do not trim it yourself. Instead, submit a Tree Trimming Request Form. Remove dead branches since they can fly onto power lines with strong winds. Plant the right tree in the right place. See the Removing and Planting Trees FAQs for more information. Notification Process",0.653,118,p39,True,True,True,2.05,Do not trim it yourself; submit a Tree Trimming Request; if sparking call 512-322-9100,
T115,Tree Trimming,Ambiguous,clarify,my tree is a problem,"Issues by City Department Vegetation/Tree Issue City Department Trees/Limbs near power lines Austin Energy Trees on street light facilities Austin Energy Trees on creeks Austin Watershed Protection Trees (public) on sidewalks, low-hanging branches over road, right-of-way roads Austin Transportation and Public Works Tree limbs bundled and left on curb for pick-up Austin Resource Recovery Tree limbs on traffic signals, stop signs, alleys Austin Transportation and Public Works Trees in greenbelts and parks Austin Parks and Recreation Tree issues on private property not related to any of the issues listed above Property owner’s responsibility Contact 3-1-1 or use the 311 app by submitting 'Other' to report concerns about trees and vegetation in the public right of way.",0.687,126,p39,True,True,True,1.11,Asks whether it is near power lines (Austin Energy) or elsewhere (3-1-1),
T116,Safety,Clean paraphrase,answer,what should i do after a storm outage,"Report outages online or call 512-322-9100, and call 9-1-1 for emergencies. Report downed or low hanging lines to 512-322-9100, stay at least 35 feet away, and never knock icicles off power lines.",0.716,171,p31,True,True,False,1.77,Report outage; stay 35 feet from downed lines; generator safety,
T117,Safety,Clean paraphrase,answer,how do i stay safe around damaged power equipment,"We trim your trees to help prevent power outages, personal injury, and fires. Adequate trimming maintains compliance with the National Electric Safety Code and provides a safer environment around power lines. Tree limbs that rub against power lines can cause voltage fluctuations or outages and damage the power lines and limbs.",0.198,101,p39,True,False,False,1.79,Stay at least 35 feet away; call 512-322-9100,
T118,Safety,Clean paraphrase,answer,is a downed line dangerous even if it isn't sparking,"Report outages online or call 512-322-9100, and call 9-1-1 for emergencies. Report downed or low hanging lines to 512-322-9100, stay at least 35 feet away, and never knock icicles off power lines.",0.336,171,p31,True,False,True,1.61,"Yes, treat every downed line as energized; stay 35 feet away; call 512-322-9100",
T119,Safety,Ambiguous,clarify,what should i do its freezing,"You should never approach a downed power line or a limb in contact with power line. Always treat downed power lines as live. During an outage, stay at least 35 feet away from any downed line. If you see a downed line, call Austin Energy at 512-322-9100. If you are trapped by a downed line — in your car, in an out-building or other structure — call 911.",0.033,87,p34,True,False,False,1.95,Asks if their power is out or they need cold weather safety tips,
T120,Safety,Clean paraphrase,answer,how long will my fridge food stay good without power,"A refrigerator with the doors kept shut can keep food cold for a day or two. About 25 pounds of dry ice will keep a 10 cubic foot freezer at 32 degrees F for three to four days. When in doubt, throw the food out.",0.496,178,p45,True,False,True,0.83,A day or two with doors kept shut; when in doubt throw it out,
T121,Safety,Clean paraphrase,answer,can i run a generator in my garage,"Only if used correctly. Never fuel or run a portable generator inside your home or garage. Make sure it has a double throw transfer switch to prevent feedback on power lines, and follow the manufacturer's instructions.",0.443,177,p45,True,False,True,0.82,Never run a generator inside the home or garage,
T122,Safety,Clean paraphrase,answer,can i plug the fridge into a power strip,"No. Major appliances such as refrigerators, washers, dryers, and microwaves should always be plugged directly into a wall outlet. Never use an extension cord with a major appliance.",0.378,169,p30,True,False,True,0.94,No; plug major appliances directly into a wall outlet,
T123,Safety,Ambiguous,clarify,my outlet sparked,"If you have trees on your property that are within 10 feet of power lines, please do not attempt to trim these limbs on your own. Instead, submit a Tree Trimming Request Form. An inspector will evaluate your request within 2-4 weeks from the date of request. If the tree is not on your property, please report the incident to 3-1-1. If there are sparks and/or a limb pulling the line from a pole or the house, please call 512-322-9100 to report the utility emergency.",0.105,116,p39,True,False,False,1.59,Asks if there is fire or smoke (call 9-1-1); otherwise stop using it and have an electrician check it,
T124,Safety,Clean paraphrase,answer,its 105 out where can i go to stay cool,"During extreme heat, City of Austin Library and Parks and Recreation facilities serve as cooling centers during normal hours. Check austintexas.gov/alerts for more information.",0.349,172,p31,True,False,True,0.87,City of Austin libraries and recreation centers serve as cooling centers,
T125,Safety,Clean paraphrase,answer,do i need special plugs near the sink,(e.g. Wi-Fi thermostat or extra meter)?No. You do not need any special equipment or technology to subscribe to GreenChoice.,0.16,69,p21,True,False,False,1.02,GFCI outlets in kitchens and bathrooms; installed by a qualified electrician,
T126,Out-of-Scope,Out-of-scope,decline,what is my current balance,A payment extension allows you a little more time pay your current bill. A payment arrangement allows you to pay a past due balance in monthly installments until it is paid in full. Your current charges are due with the monthly installment by the bill's scheduled due date while you are paying a past due balance under the payment arrangement agreement. You should check the eligibility requirements for each option to help you decide which one is right for you.,0.027,21,p09,True,False,False,1.64,Decline: no account access; log in to COA Utilities or call 512-494-9400,
T127,Out-of-Scope,Out-of-scope,decline,when is my next bill due,"Austin Energy offers a rebate averaging $800 when a participating contractor installs a qualifying air conditioner or heat pump. Amounts range from $600 to $800 for central AC and $650 to $950 for heat pumps, depending on efficiency.",0.007,149,p16,True,False,False,1.24,Decline: no account access; check COA Utilities account,
T128,Out-of-Scope,Out-of-scope,decline,change the name on my account to my wife,"If you have more than five Austin Energy electric service accounts, you need to call 512-494-9400 and a representative will help you.",0.001,18,p03,True,False,False,0.95,Decline: account change needs Customer Care 512-494-9400,
T129,Out-of-Scope,Out-of-scope,decline,my water heater is leaking,"Yes. Austin Energy offers a $1,000 rebate to install an ENERGY STAR certified hybrid electric (heat pump) water heater.",0.298,147,p15,True,False,False,1.61,Decline: not an Austin Energy service; contact a plumber,
T130,Out-of-Scope,Out-of-scope,decline,how do i apply for a pole attachment permit,"You can call 2-1-1 to apply for Medicaid or SNAP. You can also enroll online using the Texas Department of Health and Human Services website. To apply for CHIP, call 1-877-543-7669 or learn how to apply at the Texas HHS website. You can apply for Lifeline Texas discounts by calling toll free 1-866-454-8387 or by downloading the application from the Public Utility Commission of Texas website. You can contact your local Travis County Health and Human Services Department office to apply for CEAP. Call 2-1-1 to find the nearest office. You can call 512-978-8130 to discuss eligibility for the Medical Access Program. You can apply for SSI by contacting Social Security for an appointment. To make an appointment, call 1-800-772-1213 (TTY 1-800-325-0778) or contact your local Social Security office. You can also fill out the online disability report from the Social Security website to get the process started.",0.062,37,p13,True,False,False,1.45,"Decline: contractor topic, out of scope",
T131,Out-of-Scope,Out-of-scope,decline,what is the demand charge for my business,"How much will my discount be? The Customer Assistance Discount Program offers about $1,092 in yearly discounts off your utility bill depending on what utility services you have through the City of Austin. Discounts available: Electric Service Customer Charge waiver Discount on your total electrical usage Discount on your Community Benefit Charges Water Multi-Family Program discount Water Service Customer Charge waiver Water Tiered Fixed Charge waiver Water Volume Charge discount Wastewater Service Customer Charge waiver Wastewater Volume Charge discount Drainage Charge 50% discount",0.063,38,p13,True,False,False,1.99,Decline: commercial rates are out of scope,
T132,Out-of-Scope,Out-of-scope,decline,is the tap water safe to drink,Subscribing to GreenChoice helps reduce air pollution and conserve water by relying less on fossil fuels. Your subscription supports clean energy projects across Texas and helps build a more sustainable future.,0.024,59,p21,True,False,False,1.04,Decline: point to Austin Water or 3-1-1,
T133,Out-of-Scope,Out-of-scope,decline,when is bulk item pickup,"Sorry, I don't have an answer for that. Please call Customer Care at 512-494-9400.",0.0,-1,,False,False,False,1.28,Decline: point to 3-1-1,
T134,Out-of-Scope,Out-of-scope,decline,can you recommend a good electrician,"Home Energy Savings is a whole house approach to energy efficiency. A participating contractor does a no cost in home assessment and recommends improvements. Rebates average $3,000, and improvements typically lower summer energy bills by an average of 20%.",0.016,151,p17,True,False,False,1.74,Decline: cannot recommend private businesses,
T135,Out-of-Scope,Out-of-scope,decline,whats the weather tomorrow,"Weather and vegetation cause more than one in three outages in the Austin area. Swaying or broken limbs can rub against wires or bring down power lines, and ice can push wires into trees.",0.119,165,p28,True,False,False,0.92,Decline: unrelated,
T136,Out-of-Scope,Out-of-scope,decline,should i switch to reliant energy,Subscribing to GreenChoice helps reduce air pollution and conserve water by relying less on fossil fuels. Your subscription supports clean energy projects across Texas and helps build a more sustainable future.,0.183,59,p21,True,False,False,1.96,Decline: no advice on other providers,
T137,Out-of-Scope,Out-of-scope,decline,how do i become an austin energy contractor,"Austin Energy is available to meet with each property owner to discuss work plans. To improve your customer experience, we have also streamlined our customer notification process for scheduled trimming: We notify your neighborhood leaders — We send your neighborhood association an early notification letter or email announcing planned trimming in your area. We come to your door — About two weeks after notifying your neighborhood association, our contractors will visit each property to assess trimming needs. A designated work planner discusses these needs with you, prepares a work plan, and marks affected trees with green (trimming) or pink (removal) ribbons with the Austin Energy logo. We leave information — If you are not home for the assessment, our designated work planner leaves the work plan on your door. If you wish to discuss the plan, call the number on the door hanger to schedule a visit. If you are not the property owner, please notify the owner. If we don’t hear from you, we’ll proceed with the trimming plan.",0.408,119,p39,True,False,False,0.8,"Decline: contractor topic, out of scope",
T138,Out-of-Scope,Out-of-scope,decline,who won the city council election,City Council determines the qualifiers for the Customer Assistance Discount program.,0.028,40,p13,True,False,False,1.87,Decline: unrelated,
T139,Out-of-Scope,Out-of-scope,decline,my neighbors dog wont stop barking,"How much will my discount be? The Customer Assistance Discount Program offers about $1,092 in yearly discounts off your utility bill depending on what utility services you have through the City of Austin. Discounts available: Electric Service Customer Charge waiver Discount on your total electrical usage Discount on your Community Benefit Charges Water Multi-Family Program discount Water Service Customer Charge waiver Water Tiered Fixed Charge waiver Water Volume Charge discount Wastewater Service Customer Charge waiver Wastewater Volume Charge discount Drainage Charge 50% discount",0.018,38,p13,True,False,False,1.13,Decline: point to 3-1-1,
T140,Out-of-Scope,Out-of-scope,decline,tell me a joke,"Sorry, I don't have an answer for that. Please call Customer Care at 512-494-9400.",0.0,-1,,False,False,False,0.83,"Decline: unrelated, offer help with Austin Energy questions",
T141,Out-of-Scope,Out-of-scope,decline,what are commercial electric rates,"Inside the City of Austin, there is a $17.35 monthly customer charge plus a four tier energy charge: 4.872 cents per kWh for the first 300 kWh, 5.395 cents up to 900 kWh, 7.901 cents up to 2,000 kWh, and 11.428 cents above 2,000 kWh.",0.4,173,p37,True,False,False,1.95,Decline: commercial rates out of scope,
T142,Out-of-Scope,Out-of-scope,decline,are you hiring right now,"Scammers may threaten to disconnect your service within an hour unless you pay right away with a gift card, prepaid card, payment app, or cryptocurrency. Others claim you overpaid and ask for your bank or card details to send a refund.",0.003,167,p29,True,False,False,2.25,Decline: careers out of scope,
T143,Out-of-Scope,Out-of-scope,decline,how do i apply for a city job,"You can call 2-1-1 to apply for Medicaid or SNAP. You can also enroll online using the Texas Department of Health and Human Services website. To apply for CHIP, call 1-877-543-7669 or learn how to apply at the Texas HHS website. You can apply for Lifeline Texas discounts by calling toll free 1-866-454-8387 or by downloading the application from the Public Utility Commission of Texas website. You can contact your local Travis County Health and Human Services Department office to apply for CEAP. Call 2-1-1 to find the nearest office. You can call 512-978-8130 to discuss eligibility for the Medical Access Program. You can apply for SSI by contacting Social Security for an appointment. To make an appointment, call 1-800-772-1213 (TTY 1-800-325-0778) or contact your local Social Security office. You can also fill out the online disability report from the Social Security website to get the process started.",0.199,37,p13,True,False,False,2.13,Decline: point to City of Austin jobs site,
T144,Out-of-Scope,Out-of-scope,decline,when is trash pickup in my area,"Charge between 10 p.m. and 6 a.m., when wind power peaks on the Texas grid. Avoid charging between 4 p.m. and 7 p.m., when there is typically less capacity on the grid.",0.008,160,p25,True,False,False,1.36,Decline: point to 3-1-1,
T145,Out-of-Scope,Out-of-scope,decline,how do i report a pothole,"If you have trees on your property that are within 10 feet of power lines, please do not attempt to trim these limbs on your own. Instead, submit a Tree Trimming Request Form. An inspector will evaluate your request within 2-4 weeks from the date of request. If the tree is not on your property, please report the incident to 3-1-1. If there are sparks and/or a limb pulling the line from a pole or the house, please call 512-322-9100 to report the utility emergency.",0.091,116,p39,True,False,False,2.16,Decline: point to 3-1-1,
T146,Out-of-Scope,Out-of-scope,decline,what are water restrictions today,"Your bill can include charges for drainage, electricity, solid waste, street service, wastewater, and water, depending on which City of Austin services you receive.",0.242,162,p26,True,False,False,1.53,Decline: point to Austin Water or 3-1-1,
T147,Out-of-Scope,Out-of-scope,decline,i need a building permit,"If you have more than five Austin Energy electric service accounts, you need to call 512-494-9400 and a representative will help you.",0.023,18,p03,True,False,False,0.73,Decline: point to Development Services or 3-1-1,
T148,Out-of-Scope,Out-of-scope,decline,who do i call about road construction,"Issues by City Department Vegetation/Tree Issue City Department Trees/Limbs near power lines Austin Energy Trees on street light facilities Austin Energy Trees on creeks Austin Watershed Protection Trees (public) on sidewalks, low-hanging branches over road, right-of-way roads Austin Transportation and Public Works Tree limbs bundled and left on curb for pick-up Austin Resource Recovery Tree limbs on traffic signals, stop signs, alleys Austin Transportation and Public Works Trees in greenbelts and parks Austin Parks and Recreation Tree issues on private property not related to any of the issues listed above Property owner’s responsibility Contact 3-1-1 or use the 311 app by submitting 'Other' to report concerns about trees and vegetation in the public right of way.",0.032,126,p39,True,False,False,1.75,Decline: point to 3-1-1,
T149,Out-of-Scope,Out-of-scope,decline,register me to vote,"Sorry, I don't have an answer for that. Please call Customer Care at 512-494-9400.",0.0,-1,,False,False,False,0.75,Decline: unrelated,
T150,Out-of-Scope,Out-of-scope,decline,what time does city hall close,"If you receive a disconnection letter, the most important thing to do to avoid any interruption of service is to connect with City of Austin Utilities to pay your bill in full or to make a payment arrangement and/or to review financial assistance options.",0.002,27,p10,True,False,False,2.04,Decline: point to 3-1-1,
