query_id,intent_group,query_type,expected_behavior,query,route,action,answer,cited_pages,cited_gold_page,offer_human,handoff_summary,latency_s,input_tokens,output_tokens,must_include,error
T001,Report Outage,Transactional,route,lights are out at my house how do i tell you,report_outage,route,"You can report an outage online on the Outage Map, by texting OUT to 287846, or by calling 512-322-9100. Check your breakers first if it is safe to do so.",P01,True,False,,1.48,353,41,512-322-9100 OR text OUT to 287846 OR report online,
T002,Report Outage,Transactional,route,need to report a blackout,report_outage,route,"You can report an outage online on the Outage Map, by texting OUT to 287846, or by calling 512-322-9100. Check your breakers first if it is safe to do so.",P01,True,False,,0.77,347,38,512-322-9100 OR text OUT to 287846 OR report online,
T003,Report Outage,Transactional,route,our whole block lost power,report_outage,route,"You can report an outage online on the Outage Map, by texting OUT to 287846, or by calling 512-322-9100. Check your breakers first if it is safe to do so.",P01,True,False,,0.93,347,41,512-322-9100 OR text OUT to 287846 OR report online,
T004,Report Outage,Transactional,route,can you send someone my power went out,report_outage,route,"You can report an outage online on the Outage Map, by texting OUT to 287846, or by calling 512-322-9100. Check your breakers first if it is safe to do so.",P01,True,False,,0.87,350,38,512-322-9100 OR text OUT to 287846 OR report online,
T005,Report Outage,Transactional,route,electricity is out where do i report it,report_outage,route,"You can report an outage online on the Outage Map, by texting OUT to 287846, or by calling 512-322-9100. Check your breakers first if it is safe to do so.",P01,True,False,,0.99,351,38,512-322-9100 OR text OUT to 287846 OR report online,
T006,Report Outage,Clean paraphrase,answer,what's the fastest way to let austin energy know my power is off,report_outage,route,"You can report an outage online on the Outage Map, by texting OUT to 287846, or by calling 512-322-9100. Check your breakers first if it is safe to do so.",P01,True,False,,1.03,357,39,512-322-9100 OR text OUT to 287846 OR report online,
T007,Report Outage,Ambiguous,clarify,nothing is working,ambiguous,clarify,"Can you please specify what is not working? Is it your power, a device, or something else?",,False,False,,1.54,345,63,Asks whether it is a power outage; offers outage reporting,
T008,Report Outage,Clean paraphrase,answer,who do i contact when the lights go out,informational,answer,"Call 512-322-9100 to report a power outage or downed power lines. You can also text OUT to 287846 to report an outage. If you have a medical emergency, call 9-1-1 immediately.",P03;P34,True,False,,4.42,2335,109,512-322-9100,
T009,Report Outage,Typos / slang,answer,pwr out cant get lights bak on,report_outage,route,"You can report an outage online on the Outage Map, by texting OUT to 287846, or by calling 512-322-9100. Check your breakers first if it is safe to do so.",P01,True,False,,1.64,350,41,Check breakers if safe; report outage (512-322-9100 or text OUT to 287846),
T010,Report Outage,Clean paraphrase,answer,my neighborhood has no electricity,report_outage,route,"You can report an outage online on the Outage Map, by texting OUT to 287846, or by calling 512-322-9100. Check your breakers first if it is safe to do so.",P01,True,False,,1.25,347,39,512-322-9100 OR text OUT to 287846 OR report online; check the Outage Map,
T011,Check Outage Status,Transactional,route,check outage status,check_outage_status,route,Check the Austin Energy Outage Map for the status of your outage and the estimated restoration time. Estimates can change once crews see the damage. You can also call 512-322-9100.,P02;P36,True,False,,1.12,345,42,Outage Map,
T012,Check Outage Status,Transactional,route,is there a way to see when power will be back,check_outage_status,route,Check the Austin Energy Outage Map for the status of your outage and the estimated restoration time. Estimates can change once crews see the damage. You can also call 512-322-9100.,P02;P36,True,False,,1.12,353,41,Outage Map; estimated restoration time when available,
T013,Check Outage Status,Transactional,route,show me outage map,check_outage_status,route,Check the Austin Energy Outage Map for the status of your outage and the estimated restoration time. Estimates can change once crews see the damage. You can also call 512-322-9100.,P02;P36,True,False,,1.49,346,43,Outage Map,
T014,Check Outage Status,Spanish,answer,quiero saber cuándo regresa la luz,check_outage_status,route,Consulta el Mapa de Cortes de Austin Energy para conocer el estado de tu corte y el tiempo estimado de restauración. Las estimaciones pueden cambiar una vez que los equipos vean el daño. También puedes llamar al 512-322-9100.,P02;P36,True,False,,2.64,432,98,Outage Map; estimated restoration time can change once crews assess damage,
T015,Check Outage Status,Clean paraphrase,answer,how long until service is restored,check_outage_status,route,Check the Austin Energy Outage Map for the status of your outage and the estimated restoration time. Estimates can change once crews see the damage. You can also call 512-322-9100.,P02;P36,True,False,,1.04,348,42,Restoration time depends on damage; estimate shown on Outage Map and may change,
T016,Outage Alerts,Ambiguous,clarify,can i get updates,check_outage_status,route,Check the Austin Energy Outage Map for the status of your outage and the estimated restoration time. Estimates can change once crews see the damage. You can also call 512-322-9100.,P02;P36,False,False,,1.43,346,49,Asks what kind of updates (outage alerts vs account or billing notices),
T017,Outage Alerts,Clean paraphrase,answer,how do i sign up for outage texts,informational,answer,"To sign up for outage text alerts, text REG to 287846 and follow the prompts to enter your ZIP code and accept the Terms and Conditions. You can also register by visiting your Power Outage Alert Preferences center and adding your phone number. If you have more than five accounts, call 512-494-9400 for assistance.",P03,True,False,,3.0,2150,133,Text REG to 287846 (or sign up online),
T018,Outage Alerts,Typos / slang,answer,how i get txts when power out,informational,answer,"To get text alerts when your power is out, text REG to 287846 to sign up for Outage Alerts. You can then report outages by texting OUT to 287846 and receive status updates by texting STAT. For help, text HELP or call 512-322-9100.",P01;P03,True,False,,3.49,2187,123,Text REG to 287846,
T019,Outage Alerts,Clean paraphrase,answer,send outage notifications to my phone,informational,answer,"To receive outage notifications on your phone, text REG to 287846 to sign up for Outage Alerts. You will be prompted to enter your ZIP code and accept the Terms and Conditions. Once registered, you can report outages by texting OUT to 287846 and receive status updates by texting STAT.",P01;P03,True,False,,3.28,2146,117,Text REG to 287846 (or sign up online),
T020,Outage Alerts,Spanish,answer,cómo recibo alertas de apagones,informational,answer,"Para recibir alertas de apagones, envíe un mensaje de texto con la palabra REG al 287846 para registrarse. Luego, siga las indicaciones para ingresar su código postal y aceptar los términos y condiciones. También puede agregar varios contactos y elegir recibir alertas en inglés o español.",P03,True,False,,3.29,2412,119,Text REG or REGISTRO to 287846,
T021,Downed Power Lines,Clean paraphrase,safety,there's a power line hanging in my yard,safety,safety,"Stay at least 35 feet away from any downed or damaged power line and treat it as live. Call 512-322-9100 to report it right away, and call 9-1-1 if anyone is hurt or there is fire or smoke.",P04;P35,True,False,,0.0,0,0,Stay away (at least 35 feet); call 512-322-9100; 9-1-1 if life is at risk,
T022,Downed Power Lines,Ambiguous,safety,something fell near the pole,safety,safety,"Stay at least 35 feet away from any downed or damaged power line and treat it as live. Call 512-322-9100 to report it right away, and call 9-1-1 if anyone is hurt or there is fire or smoke.",P04;P35,True,False,,0.85,347,42,Asks if a power line is down; if so stay 35 feet away and call 512-322-9100,
T023,Downed Power Lines,Clean paraphrase,safety,a wire is on the ground outside,safety,safety,"Stay at least 35 feet away from any downed or damaged power line and treat it as live. Call 512-322-9100 to report it right away, and call 9-1-1 if anyone is hurt or there is fire or smoke.",P04;P35,True,False,,0.0,0,0,Stay at least 35 feet away; call 512-322-9100,
T024,Downed Power Lines,Typos / slang,safety,power line dwn by road,safety,safety,"Stay at least 35 feet away from any downed or damaged power line and treat it as live. Call 512-322-9100 to report it right away, and call 9-1-1 if anyone is hurt or there is fire or smoke.",P04;P35,True,False,,1.42,348,40,Stay at least 35 feet away; call 512-322-9100,
T025,Downed Power Lines,Clean paraphrase,safety,i think a utility line snapped during the storm,safety,safety,"Stay at least 35 feet away from any downed or damaged power line and treat it as live. Call 512-322-9100 to report it right away, and call 9-1-1 if anyone is hurt or there is fire or smoke.",P04;P35,True,False,,0.0,0,0,Stay at least 35 feet away; call 512-322-9100,
T026,Understand My Bill,Spanish,answer,por qué mi factura es tan alta,informational,answer,"Para entender por qué su factura es tan alta, puede revisar si hay un consumo inusual o errores en el medidor, ya que Austin Energy es responsable del medidor pero usted es responsable del cableado y equipo en su hogar. También puede considerar si califica para descuentos en la factura de servicios públicos a través del Programa de Asistencia al Cliente (CAP) si tiene ingresos bajos o participa en ciertos programas de asistencia. Para más ayuda, llame a Atención al Cliente al 512-494-9400.",P11;P13;P44,False,False,,4.13,2174,165,Tiered rates (higher use costs more per kWh); check usage in COA Utilities account,
T027,Understand My Bill,Clean paraphrase,answer,what is the power supply adjustment charge,informational,answer,"The Power Supply Adjustment is a dollar-for-dollar recovery that includes the cost of fuel for Austin Energy's power plants, the cost of electricity purchased from the grid, and any net charges experienced as Austin Energy sells power to the grid. It is adjusted annually to reflect current fuel prices, projected power purchases, and any over/under recovery of those expenses, with possible small adjustments throughout the year as conditions require.",P37,True,False,,3.66,2209,135,Recovers cost of fuel and purchased power; 3.912 cents per kWh; adjusted annually,
T028,Understand My Bill,Ambiguous,clarify,my bill looks wrong,bill_dispute,route,"To dispute a bill, request an administrative review within 90 days by calling Customer Care at 512-494-9400 or visiting a Utility Customer Service Center. Would you like me to connect you with a representative?",P11,True,True,,1.17,346,42,"Asks what looks wrong (amount, usage, or a specific charge); mentions dispute option",
T029,Understand My Bill,Clean paraphrase,answer,explain these charges on my bill,out_of_scope,decline,I can't see account details. Log in to your account at coautilities.com or call Customer Care at 512-494-9400.,,False,False,,1.94,349,43,"Customer Charge, Energy Charge, Power Supply Adjustment, Community Benefit Charges, Regulatory Charge",
T030,Understand My Bill,Typos / slang,answer,y bill way higher this month,informational,answer,"Your utility bill may be higher due to various charges or usage changes. To understand the details and check if you qualify for utility bill discounts that can reduce your bill, please call Customer Care at 512-494-9400. You can also review your bill for specific line items or visit the City of Austin Utilities Online Customer Care to see detailed charges.",P13;P47,False,False,,4.47,1819,150,Tiered rates (higher use costs more); check usage by day or month in COA Utilities account,
T031,Understand My Bill,Clean paraphrase,answer,what am i paying for besides electricity,informational,answer,"Besides electricity, your Austin Energy bill includes charges for Customer Charge, Power Supply Adjustment, Community Benefit Charges (which cover Customer Assistance Program, Service Area Lighting, and Energy Efficiency Programs), and Regulatory Charge. These cover fixed costs, fuel and power purchases, city services like street lighting, energy efficiency programs, and transmission system costs. Together, these components make up your total monthly electric bill.",P05;P37,True,False,,3.03,2554,143,"Community Benefit Charges (CAP, Service Area Lighting, Energy Efficiency); Regulatory Charge",
T032,Understand My Bill,Spanish,answer,no entiendo los cargos en mi factura,out_of_scope,decline,No puedo ver los detalles de la cuenta. Inicie sesión en su cuenta en coautilities.com o llame a Atención al Cliente al 512-494-9400.,,False,False,,2.06,420,85,"Names bill components (Customer Charge, Energy Charge, PSA, Community Benefit, Regulatory)",
T033,Understand My Bill,Clean paraphrase,answer,where can i see a breakdown of my bill,informational,answer,"You can see a breakdown of your bill by logging into your COA Utilities account, where you will find details such as usage by day, month, and year, comparisons to last year and similar homes, and a breakdown by cooling & heating, appliances, electronics, and other uses.",P06,True,False,,3.28,1910,114,"COA Utilities account shows breakdown by cooling and heating, appliances, electronics",
T034,Understand My Bill,Ambiguous,clarify,why am i being charged so much,informational,answer,"Your Austin Energy bill includes several charges: a fixed Customer Charge of $17.35 per month, plus energy charges that increase with your usage in tiers from 4.872¢ to 11.428¢ per kWh, and additional charges like the Power Supply Adjustment (3.912¢ per kWh), Community Benefit Charges, and a Regulatory Charge (1.799¢ per kWh). Higher usage, especially above 2,000 kWh, results in higher rates per kWh, which can increase your bill significantly. Conserving electricity or making energy efficiency improvements can help lower your bill.",P05;P37,True,False,,3.54,2517,181,"Asks whether it is high usage, rates, or a suspected billing error",
T035,Understand My Bill,Clean paraphrase,answer,what is the monthly customer charge,informational,answer,The monthly customer charge for Austin Energy residential customers inside the City of Austin is $17.35.,P37,True,False,,2.94,2450,76,$17.35 per month,
T036,Payment Options,Typos / slang,answer,how i pay bill online,informational,answer,"You can pay your utility bill online through the City of Austin Utilities Online Customer Care or use the Quick Payment option online for immediate payment posting. Quick Payment accepts various methods including credit cards, debit cards, electronic checks, PayPal, Venmo, Google Pay, and Apple Pay. Visit the City of Austin Utilities website to log in or use Quick Payment without logging in.",P38;P47,True,False,,3.38,2056,132,Quick Payment online; $3.90 fee,
T037,Payment Options,Clean paraphrase,answer,what ways can i pay my utility bill,informational,answer,"You can pay your utility bill online through City of Austin Utilities Online Customer Care, in person at Utility Customer Service Centers or authorized pay stations, or by mail with a personal check, cashier’s check, or money order. Quick Payments can also be made online or by phone at 1-833-375-4919, though a convenience fee applies. Additionally, drop boxes are available for checks and money orders, but not cash.",P07;P47,True,False,,4.03,2116,149,Quick Payment online or by phone; Utility Customer Service Centers; authorized pay stations,
T038,Payment Options,Spanish,answer,puedo pagar mi factura por internet,informational,answer,"Sí, puede pagar su factura en línea a través del portal City of Austin Utilities Online Customer Care.",P47,False,False,,3.17,2240,76,"Yes, Quick Payment online",
T039,Payment Options,Clean paraphrase,answer,can i pay over the phone,informational,answer,"Yes, you can pay your Austin Energy utility bill over the phone by calling toll-free 1-833-375-4919. Note that there is a convenience fee of $3.90 for residential accounts when making a quick payment by phone. For assistance with financial hardship, call City of Austin Utilities Customer Care at 512-494-9400.",P07,True,False,,3.43,1955,130,1-833-375-4919,
T040,Payment Options,Ambiguous,clarify,i need to make a payment,out_of_scope,decline,I can't see account details. Log in to your account at coautilities.com or call Customer Care at 512-494-9400.,,False,False,,1.51,348,43,Asks whether they want to pay now or need more time (extension or arrangement),
T041,Payment Arrangement,Clean paraphrase,answer,can i split my bill into payments,informational,answer,"Yes, you can set up a payment arrangement to pay off a past-due balance in monthly installments while continuing to pay your current charges by the bill's due date. To set up a payment arrangement, call Customer Care at 512-494-9400 or log in to COA Utilities online to request one. There is no limit to the number of payment arrangements as long as previous ones are fulfilled.",P08;P09,True,False,,4.42,1884,152,Payment arrangement spreads past due amount into monthly installments; 512-494-9400,
T042,Payment Arrangement,Typos / slang,answer,cant pay whole bill rn,informational,answer,"If you can't pay your whole bill right now, you can set up a payment arrangement to spread out the past-due amount over time. Call City of Austin Utilities Customer Care at 512-494-9400 or log in to COA Utilities to request a payment arrangement online. Make sure to pay your current charges plus the monthly installment by the due date to keep your account in good standing.",P08;P09,True,False,,3.97,2175,140,Payment arrangement or extension; call 512-494-9400,
T043,Payment Arrangement,Clean paraphrase,answer,do you offer payment plans,informational,answer,"Yes, Austin Energy offers payment arrangements that allow residential customers to pay off past-due bill balances in monthly installments while keeping current charges paid by the due date. You can set up a payment arrangement by calling Customer Care at 512-494-9400 or requesting one online through COA Utilities. There is no limit to the number of payment arrangements as long as previous ones are fulfilled.",P08;P09,True,False,,2.85,1880,144,"Yes, payment arrangements; call 512-494-9400 or request online",
T044,Payment Arrangement,Spanish,answer,necesito más tiempo para pagar mi factura,out_of_scope,decline,No puedo ver los detalles de la cuenta. Inicie sesión en su cuenta en coautilities.com o llame a Atención al Cliente al 512-494-9400.,,False,False,,2.55,422,79,Payment extension or arrangement; 512-494-9400,
T045,Payment Arrangement,Clean paraphrase,answer,can i request a payment plan online,informational,answer,"Yes, you can request a 12-month payment arrangement online by logging in to COA Utilities. For other payment terms and options, you may contact Customer Care by phone or email to see if you qualify.",P08;P09,True,False,,3.02,1869,107,"Yes, log in to COA Utilities to request a 12 month payment arrangement",
T046,Collections,Ambiguous,clarify,i got a letter in the mail,ambiguous,clarify,Can you please specify what the letter was about or what assistance you need?,,False,False,,1.24,349,57,"Asks what the letter says (disconnection notice, bill, or possible scam)",
T047,Collections,Clean paraphrase,answer + offer human,will they cut off my power if im a week late paying,informational,answer,"If you are a week late paying, you will receive mailed notifications that your bill is past due and payment in full is needed to prevent collection activities, including possible disconnection. The City delivers service disconnection notice letters at least 10 business days before issuing a disconnect order, so you likely have some time before disconnection. To avoid disconnection, call Customer Care at 512-494-9400 to discuss payment options or arrangements. If you'd like, I can connect you with a Customer Care representative at 512-494-9400.",P09;P10,True,True,,3.65,2120,153,Mailed past due notice first; disconnection possible after stated date; call 512-494-9400,
T048,Collections,Typos / slang,answer + offer human,got disconnect notice wat now,start_stop_transfer,route,"To start, stop, or transfer service, call Customer Care at 512-494-9400, use Online Customer Care at coautilities.com, or visit a walk in Utility Customer Service Center. Starting service has a $20 fee and a $200 deposit, which can be waived in some cases.",P26;P27,False,False,,1.82,347,58,Call Customer Care 512-494-9400; options like payment arrangement or assistance,
T049,Collections,Clean paraphrase,answer + offer human,how do i keep my electricity from being shut off,informational,answer,"If you are having trouble paying your bill, contact City of Austin Utilities Customer Care at 512-494-9400 to discuss payment arrangements or financial assistance options. To avoid disconnection, make payments on time and respond to any service disconnection notice letters, which are delivered at least 10 business days before disconnection. If your service is disconnected, you must pay the full past due balance plus a $25 reconnection fee to have it restored. If you'd like, I can connect you with a Customer Care representative at 512-494-9400.",P10,True,True,,2.99,2532,146,"Pay or call 512-494-9400 about extension, arrangement, or financial assistance",
T050,Collections,Spanish,answer + offer human,recibí un aviso de desconexión,start_stop_transfer,route,"Para iniciar, detener o transferir el servicio, llame a Atención al Cliente al 512-494-9400, use Atención al Cliente en línea en coautilities.com, o visite un Centro de Servicio al Cliente de Servicios Públicos sin cita previa. Iniciar el servicio tiene una tarifa de $20 y un depósito de $200, que en algunos casos puede ser eximido.",P26;P27,False,False,,4.49,455,144,Call Customer Care 512-494-9400 before the due date on the notice,
T051,Bill Dispute,Transactional,route,i think i was billed incorrectly,bill_dispute,route,"To dispute a bill, request an administrative review within 90 days by calling Customer Care at 512-494-9400 or visiting a Utility Customer Service Center. Would you like me to connect you with a representative?",P11,True,True,,1.34,348,42,Request an administrative review; 512-494-9400; within 90 days,
T052,Bill Dispute,Transactional,route,how do i dispute a charge,bill_dispute,route,"To dispute a bill, request an administrative review within 90 days by calling Customer Care at 512-494-9400 or visiting a Utility Customer Service Center. Would you like me to connect you with a representative?",P11,True,True,,1.64,348,43,Request an administrative review; 512-494-9400; within 90 days,
T053,Bill Dispute,Clean paraphrase,answer + offer human,someone needs to review my bill,bill_dispute,route,"To dispute a bill, request an administrative review within 90 days by calling Customer Care at 512-494-9400 or visiting a Utility Customer Service Center. Would you like me to connect you with a representative?",P11,True,True,,0.97,348,38,Administrative review through Customer Care 512-494-9400,
T054,Bill Dispute,Ambiguous,clarify,this amount doesn't seem right,bill_dispute,route,"To dispute a bill, request an administrative review within 90 days by calling Customer Care at 512-494-9400 or visiting a Utility Customer Service Center. Would you like me to connect you with a representative?",P11,True,True,,1.95,347,57,Asks which amount and why; mentions administrative review if they want to dispute,
T055,Bill Dispute,Clean paraphrase,answer + offer human,how do i contest my electric bill,bill_dispute,route,"To dispute a bill, request an administrative review within 90 days by calling Customer Care at 512-494-9400 or visiting a Utility Customer Service Center. Would you like me to connect you with a representative?",P11,True,True,,1.08,349,41,Administrative review within 90 days; then administrative hearing in writing within 30 days,
T056,CAP,Typos / slang,answer,any hlp paying utilty bill,informational,answer,"If you need help paying your utility bill, you can apply for the Customer Assistance Program (CAP) which offers discounts for qualifying residential customers on low or fixed incomes. To learn more or apply, call Customer Care at 512-494-9400 or 855-319-6630 for eligibility questions. Additionally, if you have a past-due balance, you can request a payment arrangement by calling Customer Care at 512-494-9400 to set up a plan to pay your bill in installments.",P08;P09;P13,True,False,,4.02,2293,164,CAP utility bill discounts; Plus 1 emergency help; 512-494-9400,
T057,CAP,Clean paraphrase,answer,i'm struggling to pay my electric bill,informational,answer,"If you are struggling to pay your electric bill, call City of Austin Utilities Customer Care at 512-494-9400 to discuss payment arrangement options or financial assistance programs. You may qualify for a payment arrangement to pay your past-due balance in installments or utility bill discounts if facing financial difficulties. Additionally, you can explore the Medically Vulnerable Registry if there is a critical medical need in your household.",P07;P09;P10;P47,False,False,,2.86,2282,150,CAP bill discounts; Plus 1 emergency fund; 512-494-9400,
T058,CAP,Spanish,answer,hay programas de ayuda para personas de bajos ingresos,informational,answer,"Sí, Austin Energy ofrece programas de ayuda para personas de bajos ingresos, como el Programa de Asistencia al Cliente (CAP) que proporciona descuentos en las facturas de servicios públicos y el Programa de Asistencia para la Climatización que ofrece mejoras gratuitas en el hogar para reducir costos de energía. Para calificar, generalmente debe estar inscrito en ciertos programas estatales, federales o locales, o cumplir con límites de ingresos específicos. Para más información o para aplicar, puede llamar al 512-494-9400 o al 512-482-5346.",P12;P13;P14,True,False,,6.18,2292,180,CAP utility bill discounts; qualify through programs like Medicaid or SNAP,
T059,CAP,Clean paraphrase,answer,do low income customers qualify for help,informational,answer,"Yes, low-income customers qualify for help through the City of Austin's Customer Assistance Program (CAP) utility bill discounts if they participate in certain state, federal, or local assistance programs or if their household income is less than 200% of the Federal Poverty Level. You can call 855-319-6630 with questions about eligibility or call Customer Care at 512-494-9400 to speak with a representative. Qualifying programs include Medicaid, SNAP, CHIP, Telephone Lifeline, CEAP, MAP, VASH, and SSI.",P12;P13,True,False,,3.57,2482,170,"Enrolled in a qualifying program (Medicaid, SNAP, CHIP, etc.) or income under 200% of Federal Poverty Level",
T060,CAP,Ambiguous,clarify,can i get a discount,informational,answer,"You may qualify for the City of Austin's Customer Assistance Program (CAP) utility bill discounts if you or someone in your household participates in programs like Medicaid, SNAP, CHIP, Lifeline, CEAP, MAP, VASH, or SSI, or if your household income is less than 200% of the Federal Poverty Level. The discounts can reduce your utility bills by about $1,092 a year. For more information or to apply, call Customer Care at 512-494-9400 or 855-319-6630.",P13,True,False,,3.0,2069,165,Asks what kind (bill discount through CAP vs rebates on upgrades),
T061,CAP,Clean paraphrase,answer,what documents do i need for assistance,informational,answer,"To qualify for utility bill discounts, you must submit one of the following documents: Medicaid Notice of Case Action Letter, SNAP Notice of Case Action Letter, CHIP Confirmation Enrollment Letter, Telephone Lifeline Program Enrollment Letter or phone bill, Travis County CEAP Notice of Payment Letter, Medical Access Program Clinic Card, VASH award letter, or Supplemental Security Income Award Letter. For Weatherization Assistance, you need to complete the Weatherization Assistance Form and, if renting, the Landlord Permission Form. For more details or questions, call 512-482-5346 for Weatherization or 855-319-6630 for utility bill discount eligibility.",P13;P14,True,False,,4.41,2597,193,"Case action letter for Medicaid, SNAP, or CHIP (ID cards not accepted); call 2-1-1 for copies",
T062,CAP,Typos / slang,answer,how do i aply 4 bill discount,informational,answer,"To apply for the utility bill discount, you can begin your application online in English or Spanish through the City of Austin's Customer Assistance Program (CAP). You may also call Customer Care at 512-494-9400 or 855-319-6630 for questions about eligibility. Additionally, you can apply for qualifying programs like Medicaid, SNAP, or CEAP by calling 2-1-1 or the specific program numbers listed on the City of Austin website.",P13,True,False,,3.34,2077,153,Apply online (English or Spanish application); documents showing program enrollment,
T063,CAP,Clean paraphrase,answer,i need financial help,informational,answer,"You can apply for financial help through the City of Austin's Customer Assistance Program (CAP), which offers utility bill discounts and emergency financial support via the Plus 1 fund. To learn more or get assistance, please contact City of Austin Utilities Customer Care at 512-494-9400. Additionally, you may consider the Weatherization Assistance program for free home energy improvements if you qualify.",P07;P12,True,False,,6.35,1963,133,"Lists CAP discounts, Plus 1, Medically Vulnerable services, Weatherization",
T064,CAP,Spanish,answer,ayuda para pagar la electricidad,informational,answer,"You may qualify for utility bill discounts through the City of Austin's Customer Assistance Program (CAP) if you have a low or fixed income or participate in certain assistance programs. To learn more and apply, call 855-319-6630 or Customer Care at 512-494-9400 for help. You can also find information about payment options and assistance programs on the City of Austin Utilities website.",P13;P47,True,False,,4.22,1984,139,CAP bill discounts; Plus 1; 512-494-9400,
T065,CAP,Clean paraphrase,answer,what programs exist if i can't afford my bill,informational,answer,"The City of Austin offers several programs to help residential customers who face financial difficulties, including the Customer Assistance Program (CAP) Utility Bill Discounts, Financial Support Plus 1 for emergency financial help, Services for the Medically Vulnerable, and Weatherization Assistance for home energy improvements. You may qualify for CAP discounts if you or someone in your household participates in certain assistance programs or meets income guidelines. For more information, call Customer Care at 512-494-9400.",P12;P13,True,False,,4.17,1947,151,CAP discounts; Plus 1 emergency fund; 512-494-9400,
T066,Weatherization,Ambiguous,clarify,my house is always hot,out_of_scope,decline,"I can only help with Austin Energy residential questions, like outages, bills, rebates, and safety.",,False,False,,1.53,347,50,"Asks whether they want free weatherization (income based), rebates, or energy saving tips",
T067,Weatherization,Clean paraphrase,answer,can someone help make my home more energy efficient,informational,answer,"Yes, Austin Energy offers a no-cost, in-home energy assessment through participating contractors who will recommend improvements and help with rebate and loan applications. These contractors can perform upgrades like sealing ducts, adding insulation, installing smart thermostats, and more to improve your home's energy efficiency. To get started, contact an Austin Energy participating contractor for an assessment and assistance.",P17,True,False,,2.81,2856,128,"Weatherization Assistance (free, income qualified) or Home Energy Savings rebates",
T068,Weatherization,Typos / slang,answer,do i qualfy for free home repairs,informational,answer,"To qualify for free home energy improvements through the Weatherization Assistance program, you must be an Austin Energy customer enrolled in the Customer Assistance Program or the Medically Vulnerable Registry and meet the 80% Median Family Income requirements. Your home must be a single-family, duplex, triplex, fourplex, or mobile home, be more than 10 years old, 2,500 square feet or smaller, and not have received Weatherization or Home Energy Savings improvements in the last 10 years. You need to complete and submit the Weatherization Assistance Program Form and, if renting, also the Landlord Permission Form. For questions, call 512-482-5346.",P14,True,False,,4.24,2590,198,Enrolled in CAP or Medically Vulnerable Registry and under 80% median family income,
T069,Weatherization,Clean paraphrase,answer,how do i sign up for weatherization,informational,answer,"To sign up for Weatherization Assistance, complete and submit the Weatherization Assistance Program Form. If you rent, also complete the Landlord Permission Form. You can mail the completed forms to Austin Energy at 4815 Mueller Blvd, Austin, TX 78723-3573, or call 512-482-5346 for questions.",P14,True,False,,4.65,2635,131,Complete and submit the Weatherization Assistance Program Form,
T070,Weatherization,Spanish,answer,aislamiento gratis para mi casa,informational,answer,"Para obtener aislamiento gratis para su casa, debe ser cliente de Austin Energy y cumplir con los requisitos de ingresos y elegibilidad del Programa de Asistencia para el Aislamiento (Weatherization Assistance). Debe completar y enviar el formulario del programa y, si renta, también el formulario de permiso del arrendador. Para preguntas, llame al 512-482-5346 o envíe un correo a Weatherization.",P14,True,False,,3.77,2156,140,Free attic insulation for qualifying customers through Weatherization Assistance,
T071,Rebates,Clean paraphrase,answer,what rebates are available right now,informational,answer,"Austin Energy offers several residential rebates including an average $800 rebate for installing a new energy-efficient air conditioning system, $1,000 for ENERGY STAR certified heat pump water heaters, and $4,000 for completing a solar education course and installing a qualifying solar system. Other rebates include $300 for ENERGY STAR certified variable-speed pool pumps, $50 for smart thermostats, and $300 for energy-efficient solar screens. Additionally, there are rebates for whole-home energy improvements averaging $3,000, and a $50 rebate for ENERGY STAR certified window air conditioners.",P15;P16;P18,True,False,,3.99,2316,174,"At least two programs with amounts (e.g. AC averaging $800, Home Energy Savings averaging $3,000)",
T072,Rebates,Ambiguous,clarify,rebate for my unit,informational,answer,"You can earn a rebate averaging $800 to install a new, energy-efficient air conditioning system through Austin Energy's Residential Rebates program. To qualify, your old unit must be 10 years or older, and your participating contractor will apply for the rebate on your behalf. For detailed requirements and rebate amounts, contact an Austin Energy participating contractor or visit their website.",P15;P16,True,False,,4.0,2561,128,"Asks what unit (AC unit, water heater, or apartment unit)",
T073,Rebates,Clean paraphrase,answer,what incentives can homeowners get,informational,answer,"Homeowners can get various incentives including a $4,000 rebate for installing qualifying solar systems, $50 rebates for ENERGY STAR® certified window air conditioners and smart thermostats, and rebates averaging $800 for new energy-efficient air conditioning systems. They can also earn rebates averaging $3,000 for whole-home energy improvements, $1,000 for ENERGY STAR® certified heat pump water heaters, and $300 for ENERGY STAR® certified variable-speed pool pumps. Additionally, Austin Energy offers free home energy improvements through Weatherization Assistance for eligible homeowners.",P15;P17,True,False,,3.8,2328,165,"Lists residential rebates (AC, Home Energy Savings, water heater, solar)",
T074,Rebates,Typos / slang,answer,any rebaets for my hous,informational,answer,"Austin Energy offers several residential rebates including $800 for energy-efficient air conditioning systems, $1,000 for ENERGY STAR® certified heat pump water heaters, and $4,000 for installing qualifying solar systems after completing a solar education course. There are also rebates for solar screens, smart thermostats, pool pumps, and whole-home energy improvements. Check if your home qualifies for a no-cost in-home energy efficiency assessment or talk to your landlord if you rent.",P15;P19,True,False,,3.9,2046,151,Lists residential rebates with amounts,
T075,Rebates,Clean paraphrase,answer,is there a rebate for a heat pump water heater,informational,answer,"Yes, Austin Energy offers a $1,000 rebate to install an ENERGY STAR® certified Hybrid Electric Water Heater, also known as a High-Efficiency Heat Pump Water Heater.",P15;P41,True,False,,3.17,2676,95,"$1,000 rebate; ENERGY STAR certified",
T076,Rebates,Spanish,answer,hay reembolso por un aire acondicionado nuevo,informational,answer,"Sí, Austin Energy ofrece un reembolso que promedia $800 cuando un contratista participante instala un sistema de aire acondicionado eficiente en energía en tu hogar. Además, puedes obtener reembolsos adicionales si participas en el programa Home Energy Savings. Debes usar un contratista participante para calificar y ellos aplicarán por el reembolso en tu nombre.",P16,True,False,,2.99,2639,129,Rebate averaging $800; participating contractor,
T077,Rebates,Clean paraphrase,answer,can i get money back for replacing my hvac,informational,answer,"Yes, you can get rebates for replacing your HVAC system through Austin Energy's Home Energy Savings program. You must use a participating contractor who will help with the rebate application, and the new system must meet specific efficiency and sizing requirements. Rebates vary, for example, $600 to $800 for central AC systems and $650 to $950 for heat pumps, depending on efficiency tiers.",P16;P17,True,False,,3.92,3174,140,Rebate averaging $800; must use a participating contractor,
T078,Rebates,Ambiguous,clarify,my ac is old,informational,answer,"If your air conditioner is 10 years old or older, you may qualify for a rebate averaging $800 when a participating contractor installs a new, energy-efficient system in your home. You must use an Austin Energy participating contractor who will apply for the rebate on your behalf. Make sure your new system meets the efficiency guidelines and all components are replaced to qualify.",P16,True,False,,4.6,2741,146,"Asks whether they want a replacement rebate, a tune up, or efficiency help",
T079,Rebates,Clean paraphrase,answer,rebate for attic insulation,informational,answer,"Austin Energy offers a rebate for attic insulation to R38, calculated by multiplying the square footage of the attic by $0.03 per sq ft times the R-value added, plus a $45 setup fee. To qualify, you must use an Austin Energy participating contractor who will conduct an energy assessment and help with the rebate application. The contractor will also ensure all program requirements are met for the rebate.",P17,True,False,,4.01,2542,133,Attic insulation is covered under Home Energy Savings; participating contractor required,
T080,Rebates,Typos / slang,answer,insulashun rebate??,informational,answer,"Austin Energy offers a Weatherization Assistance program that provides free home energy improvements to eligible renters and homeowners, which may include insulation upgrades. You can apply for this assistance in minutes through their program. For more details, visit the Residential Rebates page on Austin Energy's website.",P15,False,False,,2.36,2008,106,Home Energy Savings covers attic insulation; participating contractor,
T081,GreenChoice,Clean paraphrase,answer,can my house run on wind and solar,informational,answer,"Austin Energy supports home solar installation with rebates and bill credits, but solar panels alone won't keep your lights on during a power outage. To keep your home powered during outages, consider adding a battery backup to your solar system. For wind power specifically, the sources do not provide information, so please contact Austin Energy for more details.",P22,False,False,,4.11,2503,130,"GreenChoice; about $7.50 more per month at 1,000 kWh",
T082,GreenChoice,Spanish,answer,cómo me inscribo en energía renovable,informational,answer,"Para inscribirte en energía renovable, puedes suscribirte al programa GreenChoice de Austin Energy, que te permite aprovechar la energía eólica y solar de Texas a un precio conveniente. No hay contrato, ni fecha de expiración, ni penalización para cancelar la suscripción. Para más detalles y para inscribirte, visita la página de GreenChoice o contacta a Austin Energy.",P20,True,False,,2.87,2261,136,GreenChoice; sign up with the online form or call 512-494-9400,
T083,GreenChoice,Clean paraphrase,answer,how much extra does green power cost,informational,answer,"Green power through GreenChoice costs about $7.50 more per month for a typical residential customer using 1,000 kWh. This is an additional charge of $0.0075 per kilowatt-hour with no contract or penalty to unsubscribe. The charge is reviewed regularly to ensure cost savings benefit all customers.",P20;P21,True,False,,2.47,2132,124,"$0.0075 per kWh; about $7.50 per month at 1,000 kWh",
T084,GreenChoice,Ambiguous,clarify,i want clean energy,informational,answer,"You can choose Austin Energy's GreenChoice program to get 100% Texas wind and solar energy for your home or business. To sign up, complete the online form or call Customer Care at 512-494-9400. This program supports clean energy projects across Texas and helps reduce air pollution and conserve water.",P20;P21,True,False,,2.68,2250,121,Asks whether they mean subscribing to GreenChoice or installing their own solar,
T085,GreenChoice,Clean paraphrase,answer,is there a penalty if i stop greenchoice,informational,answer,"There is no penalty for unsubscribing from GreenChoice. Austin Energy requires two billing cycles to process a cancellation, and customers can resubscribe during the next calendar year. Subscriptions are not transferable from customer to customer.",P21,True,False,,2.26,2419,104,No penalty; can unsubscribe any time; takes two billing cycles,
T086,Home Solar,Typos / slang,answer,do yall buy back solr power,informational,answer,"Yes, Austin Energy pays you for all power produced by your home solar system once it is up and running. They offer a $4,000 rebate for eligible home solar projects and pay for the solar power generated. You can learn more about this in the Home Solar guide on their website.",P22,True,False,,3.1,2850,114,Value of Solar bill credit; 12.89 cents per kWh,
T087,Home Solar,Clean paraphrase,answer,how much is the rebate for putting panels on my roof,informational,answer,"Austin Energy offers a $4,000 rebate for eligible home solar projects when you install solar panels on your roof. To qualify, you must use an Austin Energy Participating Contractor and apply for the rebate before installation. After installation and inspection, the rebate check is mailed, typically within 7–10 business days.",P22,True,False,,3.08,2056,127,"$4,000 rebate for eligible home solar projects",
T088,Home Solar,Spanish,answer,cuánto me pagan por la energía solar que produzco,informational,answer,"Austin Energy credits solar customers 12.89¢ per kilowatt-hour (kWh) for the energy your solar system produces. This credit appears as a Value of Solar bill credit on your monthly electric bill and applies only to your electric charges. If you produce more credits than you use, they roll over to the next month.",P22;P23,True,False,,3.67,2504,127,Value of Solar credit of 12.89 cents per kWh,
T089,Home Solar,Clean paraphrase,answer,what happens to solar credits i dont use,informational,answer,"Excess solar credits will roll over to the next month’s electricity bill’s charges. These credits do not expire, though they have no cash value and will end if the account closes.",P23,True,False,,4.38,2760,90,Credits roll over to next month; apply to electric charges only,
T090,Home Solar,Ambiguous,clarify,solar,informational,answer,"Austin Energy offers a $4,000 rebate for eligible home solar projects and pays you for all power produced at a rate of 12.89¢ per kWh through Value of Solar bill credits. To qualify, your roof should have at least 5–6 hours of direct sunlight daily, enough space for 200-400 square feet of panels, and be in good condition with at least 10 years of life left. You can start by taking the Solar Rebate Quiz and consider energy-efficiency upgrades before installation.",P22,True,False,,3.95,2512,175,"Asks whether they mean the rebate, bill credits, or GreenChoice",
T091,EV Programs,Clean paraphrase,answer,is there a rebate for a home ev charger,informational,answer,"Yes, Austin Energy offers a rebate that covers 50% of the cost, up to $500, for a qualified PowerPartner℠ EV Level 2 home charging station. To be eligible, you must be an Austin Energy electricity customer, have purchased or leased a plug-in electric vehicle, and enroll in the Power Partner℠ EV program. You can apply online and must have your Austin Energy account number, charging station details, and vehicle VIN ready.",P24,True,False,,3.77,2268,149,50% of cost up to $500; must enroll in Power Partner EV,
T092,EV Programs,Typos / slang,answer,ev chargr rebate how much,informational,answer,"Austin Energy offers a rebate that covers 50% of the cost, up to $500, for a qualified PowerPartner℠ EV Level 2 home charging station.",P24,True,False,,2.98,2286,90,Up to $500 (50% of cost),
T093,EV Programs,Clean paraphrase,answer,whats the cheapest time to charge my car,informational,answer,The cheapest time to charge your electric vehicle is between 10 p.m. and 6 a.m. when renewable wind power peaks and there is more capacity in the Texas grid. It is best to avoid charging between 4 p.m. to 7 p.m. when there is typically less capacity in the grid. Charging during off-peak hours helps manage energy use and can be more cost-effective.,P25,True,False,,3.28,2392,141,Charge between 10 p.m. and 6 a.m.; avoid 4 to 7 p.m.,
T094,EV Programs,Spanish,answer,dónde puedo cargar mi carro eléctrico en austin,informational,answer,"Puedes cargar tu carro eléctrico en cualquiera de los más de 1,400 puertos de carga de Nivel 2 en la red Austin Energy Plug-In EVerywhere℠ distribuidos por toda el área de servicio de Austin. También hay cargadores rápidos DC ubicados cerca de rutas principales para una carga rápida. No se requiere suscripción y las tarifas son accesibles para todos.",P25,True,False,,2.74,2298,137,"Plug-In EVerywhere network; 1,400+ public Level 2 ports",
T095,EV Programs,Clean paraphrase,answer,what is power partner ev,informational,answer,"Austin Energy's Power Partner EV program helps manage energy use during peak times by remotely adjusting your Level 2 EV charger or qualifying vehicle to slow or delay charging. Participants receive a $50 bill credit for enrolling and an additional $25 credit after one year in the program. Events typically occur June 1 - September 30, last up to 4 hours between 2-10 p.m., and participants can opt out of events without penalty.",P43,True,False,,4.03,2459,146,Austin Energy slows or delays charging during peak events; $50 enrollment credit; can opt out,
T096,Start/Stop/Transfer Service,Transactional,route,im moving out and need to shut off my electricity,start_stop_transfer,route,"To start, stop, or transfer service, call Customer Care at 512-494-9400, use Online Customer Care at coautilities.com, or visit a walk in Utility Customer Service Center. Starting service has a $20 fee and a $200 deposit, which can be waived in some cases.",P26;P27,True,False,,1.65,352,41,"Call 512-494-9400, Online Customer Care, or a walk in center",
T097,Start/Stop/Transfer Service,Transactional,route,start electric service at my new apartment,start_stop_transfer,route,"To start, stop, or transfer service, call Customer Care at 512-494-9400, use Online Customer Care at coautilities.com, or visit a walk in Utility Customer Service Center. Starting service has a $20 fee and a $200 deposit, which can be waived in some cases.",P26;P27,True,False,,1.03,349,41,Call 512-494-9400 or Online Customer Care; $20 start fee and $200 deposit (can be waived),
T098,Start/Stop/Transfer Service,Transactional,route,transfer my utilities to my new address next week,start_stop_transfer,route,"To start, stop, or transfer service, call Customer Care at 512-494-9400, use Online Customer Care at coautilities.com, or visit a walk in Utility Customer Service Center. Starting service has a $20 fee and a $200 deposit, which can be waived in some cases.",P26;P27,True,False,,1.59,351,41,"Call 512-494-9400, Online Customer Care, or a walk in center",
T099,Start/Stop/Transfer Service,Transactional,route,stop service at my old place,start_stop_transfer,route,"To start, stop, or transfer service, call Customer Care at 512-494-9400, use Online Customer Care at coautilities.com, or visit a walk in Utility Customer Service Center. Starting service has a $20 fee and a $200 deposit, which can be waived in some cases.",P26;P27,True,False,,1.09,348,40,"Call 512-494-9400, Online Customer Care, or a walk in center",
T100,Start/Stop/Transfer Service,Transactional,route,i need to put the power in my name,start_stop_transfer,route,"To start, stop, or transfer service, call Customer Care at 512-494-9400, use Online Customer Care at coautilities.com, or visit a walk in Utility Customer Service Center. Starting service has a $20 fee and a $200 deposit, which can be waived in some cases.",P26;P27,True,False,,1.01,351,40,Start service via 512-494-9400 or Online Customer Care; deposit may apply,
T101,Start/Stop/Transfer Service,Ambiguous,clarify,im moving,start_stop_transfer,route,"To start, stop, or transfer service, call Customer Care at 512-494-9400, use Online Customer Care at coautilities.com, or visit a walk in Utility Customer Service Center. Starting service has a $20 fee and a $200 deposit, which can be waived in some cases.",P26;P27,True,False,,1.87,344,61,"Asks whether they need to start, stop, or transfer service",
T102,Start/Stop/Transfer Service,Clean paraphrase,answer,how do i transfer utilities,start_stop_transfer,route,"To start, stop, or transfer service, call Customer Care at 512-494-9400, use Online Customer Care at coautilities.com, or visit a walk in Utility Customer Service Center. Starting service has a $20 fee and a $200 deposit, which can be waived in some cases.",P26;P27,True,False,,1.23,347,40,"Call 512-494-9400, Online Customer Care, or a walk in center",
T103,Start/Stop/Transfer Service,Typos / slang,answer,movin houses need lights on at new place,start_stop_transfer,route,"To start, stop, or transfer service, call Customer Care at 512-494-9400, use Online Customer Care at coautilities.com, or visit a walk in Utility Customer Service Center. Starting service has a $20 fee and a $200 deposit, which can be waived in some cases.",P26;P27,True,False,,1.55,351,44,Start or transfer service via 512-494-9400 or Online Customer Care,
T104,Start/Stop/Transfer Service,Clean paraphrase,answer,do i have to pay a deposit to start service,informational,answer,"Yes, a $200 security deposit is required to begin residential utility service with the City of Austin. However, you may be eligible to have the deposit waived if you meet certain conditions such as having a good payment history with the City, providing a letter of reference from another utility or landlord, enrolling in Autopay and eBill, being 65 or older, a service member returning from deployment, a victim of domestic abuse, displaced tenant, or medically indigent. The initial fee to start electric or water service is $20.",P27,True,False,,5.13,2159,167,"$200 deposit for residential service; can be waived (e.g. good payment history, Autopay and eBill)",
T105,Start/Stop/Transfer Service,Spanish,answer,transferir mi servicio,start_stop_transfer,route,"Para iniciar, detener o transferir el servicio, llame a Atención al Cliente al 512-494-9400, use Atención al Cliente en línea en coautilities.com, o visite un Centro de Servicio al Cliente de Servicios Públicos. Iniciar el servicio tiene una tarifa de $20 y un depósito de $200, que puede ser eximido en algunos casos.",P26;P27,True,False,,3.1,450,115,"Call 512-494-9400, Online Customer Care, or a walk in center",
T106,Scam Awareness,Clean paraphrase,answer,someone called saying theyll cut my power in an hour unless i pay,informational,answer,Hang up immediately and do not make any payment. Report the call by dialing 3-1-1 or 512-974-2000 to check your account status and alert authorities about the scam. Austin Energy will never call residential customers with immediate cut-off deadlines or demand payment via gift cards or cryptocurrency.,P29,True,False,,4.03,2222,140,Likely a scam; hang up and dial 3-1-1; check account at 512-494-9400,
T107,Scam Awareness,Ambiguous,clarify,i got a weird call about my account,out_of_scope,decline,I can't see account details. Log in to your account at coautilities.com or call Customer Care at 512-494-9400.,,False,False,,1.18,350,42,"Asks what the caller wanted; if they demanded payment, hang up and call 3-1-1",
T108,Scam Awareness,Clean paraphrase,answer,they want me to pay my bill with a gift card is that real,informational,answer,"No, Austin Energy will never demand immediate payment with gift cards or any non-traceable form of payment. If someone asks you to pay your bill with a gift card, it is a scam. Hang up and report the call by dialing 3-1-1 or call 512-494-9400 to check your account status.",P29,True,False,,3.28,2019,133,Scam sign (gift card or prepaid card payment); hang up and report to 3-1-1,
T109,Scam Awareness,Clean paraphrase,answer,a guy at my door says hes from austin energy selling solar panels,informational,answer,"Do not let the person pressure you or make a decision at your doorstep. Austin Energy staff and Participating Contractors do not show up without prior communication and will always carry identification and wear Austin Energy-branded clothing. If you receive an unexpected visit, call Austin Energy at 512-482-5346 to verify and report suspicious activity to the Austin Police Department and Texas Attorney General's Office.",P42,False,False,,3.08,2278,138,Austin Energy does not sell solar door to door; say not interested; report to 3-1-1,
T110,Scam Awareness,Clean paraphrase,answer,how do i know if a rebate offer is legit,informational,answer,"To verify a legitimate Austin Energy rebate offer, check that the website URL is https://austinenergy.com and confirm any contractor is listed as a Participating Contractor with Austin Energy. Be cautious of high-pressure sales tactics, requests for personal information before verification, and unmarked vehicles or contractors without ID badges. If you receive unexpected calls or visits, call Austin Energy at 512-482-5346 or email conservation@austinenergy.com to verify before sharing any information or scheduling appointments.",P42,True,False,,2.87,2119,159,Verify it on the official Austin Energy program website; report suspicious offers,
T111,Tree Trimming,Ambiguous,clarify,tree branches are touching power lines,safety,safety,"Stay at least 35 feet away from any downed or damaged power line and treat it as live. Call 512-322-9100 to report it right away, and call 9-1-1 if anyone is hurt or there is fire or smoke.",P04;P35,True,False,,1.65,348,41,Asks if lines are down or sparking (then call 512-322-9100); otherwise submit a Tree Trimming Request,
T112,Tree Trimming,Clean paraphrase,answer,can i request tree trimming,informational,answer,"Yes, you can request tree trimming if you have trees on your property within 10 feet of power lines by submitting a Tree Trimming Request Form. An inspector will evaluate your request within 2-4 weeks from the date of request. Please do not attempt to trim limbs within 10 feet of power lines yourself.",P39,True,False,,3.69,2497,120,Submit a Tree Trimming Request Form; inspector evaluates within 2 to 4 weeks,
T113,Tree Trimming,Clean paraphrase,answer,who trims trees near utility lines,informational,answer,"Austin Energy trims trees near power lines to maintain safety and reliability. They have a Forestry Division that manages tree trimming and vegetation near electrical infrastructure, and they notify property owners before scheduled trimming. If trees are within 10 feet of power lines on your property, you should submit a Tree Trimming Request Form rather than trimming yourself.",P28;P39,True,False,,4.11,2357,132,Austin Energy Forestry trims trees near power lines; do not trim limbs within 10 feet of lines yourself,
T114,Tree Trimming,Clean paraphrase,answer,dangerous tree near electrical wires,safety,safety,"Stay at least 35 feet away from any downed or damaged power line and treat it as live. Call 512-322-9100 to report it right away, and call 9-1-1 if anyone is hurt or there is fire or smoke.",P04;P35,False,False,,1.56,348,38,Do not trim it yourself; submit a Tree Trimming Request; if sparking call 512-322-9100,
T115,Tree Trimming,Ambiguous,clarify,my tree is a problem,informational,answer,"If your tree is causing a problem near power lines, you can submit a request for a ""make-ready"" trim or call Austin Energy's Forestry Division at 512-322-6771 for safe trimming or removal. Property owners are responsible for trimming trees and vegetation that obstruct sidewalks, streets, or alleys. Austin Energy works to ensure streetlights are not blocked by trees and will coordinate with property owners if needed.",P39,True,False,,3.16,2382,157,Asks whether it is near power lines (Austin Energy) or elsewhere (3-1-1),
T116,Safety,Clean paraphrase,answer,what should i do after a storm outage,informational,answer,"After a storm outage, first check your breakers to see if the outage is caused by a blown fuse or tripped circuit. If you still have no power or cannot check breakers, report the outage online or call 512-322-9100. Stay safe by avoiding downed power lines, keeping flashlights handy, and turning off major appliances to prevent overload when power is restored.",P34,True,False,,3.19,2442,139,Report outage; stay 35 feet from downed lines; generator safety,
T117,Safety,Clean paraphrase,answer,how do i stay safe around damaged power equipment,safety,safety,"Stay at least 35 feet away from any downed or damaged power line and treat it as live. Call 512-322-9100 to report it right away, and call 9-1-1 if anyone is hurt or there is fire or smoke.",P04;P35,True,False,,0.92,351,38,Stay at least 35 feet away; call 512-322-9100,
T118,Safety,Clean paraphrase,answer,is a downed line dangerous even if it isn't sparking,safety,safety,"Stay at least 35 feet away from any downed or damaged power line and treat it as live. Call 512-322-9100 to report it right away, and call 9-1-1 if anyone is hurt or there is fire or smoke.",P04;P35,True,False,,0.0,0,0,"Yes, treat every downed line as energized; stay 35 feet away; call 512-322-9100",
T119,Safety,Ambiguous,clarify,what should i do its freezing,informational,answer,"During freezing weather, keep heat sources like space heaters at least 3 feet away from anything flammable and never leave them unattended. Avoid overloading outlets and do not use electric blankets that are more than ten years old or plug them into power strips. If you experience a power outage or see downed power lines, call 512-322-9100 and stay at least 35 feet away from any downed lines.",P31;P34,True,False,,4.33,2546,162,Asks if their power is out or they need cold weather safety tips,
T120,Safety,Clean paraphrase,answer,how long will my fridge food stay good without power,out_of_scope,decline,"I can only help with Austin Energy residential questions, like outages, bills, rebates, and safety.",,False,False,,1.64,352,45,A day or two with doors kept shut; when in doubt throw it out,
T121,Safety,Clean paraphrase,answer,can i run a generator in my garage,informational,answer,"No, you should never run a portable generator inside your home, place of business, or garage as it can be dangerous. Always follow manufacturer instructions and ensure proper installation with a double-throw transfer switch. For more safety details, refer to Austin Energy's guidelines on portable generator use.",P30;P34;P45,True,False,,3.63,2344,121,Never run a generator inside the home or garage,
T122,Safety,Clean paraphrase,answer,can i plug the fridge into a power strip,informational,answer,"No, major appliances such as refrigerators should always be plugged directly into a wall outlet and never use an extension cord or power strip with them.",P30,True,False,,3.76,2390,88,No; plug major appliances directly into a wall outlet,
T123,Safety,Ambiguous,clarify,my outlet sparked,safety,safety,"Stay at least 35 feet away from any downed or damaged power line and treat it as live. Call 512-322-9100 to report it right away, and call 9-1-1 if anyone is hurt or there is fire or smoke.",P04;P35,False,False,,1.71,345,42,Asks if there is fire or smoke (call 9-1-1); otherwise stop using it and have an electrician check it,
T124,Safety,Clean paraphrase,answer,its 105 out where can i go to stay cool,informational,answer,"During times of extreme heat, City of Austin Library and Parks & Recreation facilities serve as cooling centers during normal operating hours. Check the https://www.austintexas.gov/alerts webpage for more information. Also, protect yourself by staying hydrated, using sunscreen, and limiting outdoor activity.",P31,True,False,,3.62,2707,113,City of Austin libraries and recreation centers serve as cooling centers,
T125,Safety,Clean paraphrase,answer,do i need special plugs near the sink,informational,answer,"Yes, for areas that may encounter water such as bathrooms and kitchens, including near the sink, you should use GFCI (ground-fault circuit interrupter) outlets. These special outlets are installed by a qualified electrician and will trip immediately if a short-circuit is detected, enhancing safety.",P30,True,False,,3.76,2423,120,GFCI outlets in kitchens and bathrooms; installed by a qualified electrician,
T126,Out-of-Scope,Out-of-scope,decline,what is my current balance,out_of_scope,decline,I can't see account details. Log in to your account at coautilities.com or call Customer Care at 512-494-9400.,,False,False,,1.09,347,42,Decline: no account access; log in to COA Utilities or call 512-494-9400,
T127,Out-of-Scope,Out-of-scope,decline,when is my next bill due,out_of_scope,decline,I can't see account details. Log in to your account at coautilities.com or call Customer Care at 512-494-9400.,,False,False,,1.02,348,45,Decline: no account access; check COA Utilities account,
T128,Out-of-Scope,Out-of-scope,decline,change the name on my account to my wife,start_stop_transfer,route,"To start, stop, or transfer service, call Customer Care at 512-494-9400, use Online Customer Care at coautilities.com, or visit a walk in Utility Customer Service Center. Starting service has a $20 fee and a $200 deposit, which can be waived in some cases.",P26;P27,False,False,,1.48,351,44,Decline: account change needs Customer Care 512-494-9400,
T129,Out-of-Scope,Out-of-scope,decline,my water heater is leaking,out_of_scope,decline,That isn't handled by Austin Energy. Please call 3-1-1 or visit austintexas.gov/311 for other City of Austin services.,,False,False,,2.67,347,49,Decline: not an Austin Energy service; contact a plumber,
T130,Out-of-Scope,Out-of-scope,decline,how do i apply for a pole attachment permit,out_of_scope,decline,"I can only help with residential questions. For business accounts, please call Customer Care at 512-494-9400.",,False,False,,1.74,351,49,"Decline: contractor topic, out of scope",
T131,Out-of-Scope,Out-of-scope,decline,what is the demand charge for my business,out_of_scope,decline,"I can only help with residential questions. For business accounts, please call Customer Care at 512-494-9400.",,False,False,,1.02,350,43,Decline: commercial rates are out of scope,
T132,Out-of-Scope,Out-of-scope,decline,is the tap water safe to drink,out_of_scope,decline,That isn't handled by Austin Energy. Please call 3-1-1 or visit austintexas.gov/311 for other City of Austin services.,,False,False,,1.03,349,52,Decline: point to Austin Water or 3-1-1,
T133,Out-of-Scope,Out-of-scope,decline,when is bulk item pickup,out_of_scope,decline,That isn't handled by Austin Energy. Please call 3-1-1 or visit austintexas.gov/311 for other City of Austin services.,,False,False,,2.4,347,53,Decline: point to 3-1-1,
T134,Out-of-Scope,Out-of-scope,decline,can you recommend a good electrician,out_of_scope,decline,"I can only help with Austin Energy residential questions, like outages, bills, rebates, and safety.",,False,False,,0.89,348,44,Decline: cannot recommend private businesses,
T135,Out-of-Scope,Out-of-scope,decline,whats the weather tomorrow,out_of_scope,decline,"I can only help with Austin Energy residential questions, like outages, bills, rebates, and safety.",,False,False,,0.96,347,48,Decline: unrelated,
T136,Out-of-Scope,Out-of-scope,decline,should i switch to reliant energy,out_of_scope,decline,"I can only help with Austin Energy residential questions, like outages, bills, rebates, and safety.",,False,False,,0.91,348,46,Decline: no advice on other providers,
T137,Out-of-Scope,Out-of-scope,decline,how do i become an austin energy contractor,out_of_scope,decline,"I can only help with residential questions. For business accounts, please call Customer Care at 512-494-9400.",,False,False,,1.85,351,48,"Decline: contractor topic, out of scope",
T138,Out-of-Scope,Out-of-scope,decline,who won the city council election,out_of_scope,decline,"I can only help with Austin Energy residential questions, like outages, bills, rebates, and safety.",,False,False,,1.14,348,50,Decline: unrelated,
T139,Out-of-Scope,Out-of-scope,decline,my neighbors dog wont stop barking,out_of_scope,decline,That isn't handled by Austin Energy. Please call 3-1-1 or visit austintexas.gov/311 for other City of Austin services.,,False,False,,2.17,348,50,Decline: point to 3-1-1,
T140,Out-of-Scope,Out-of-scope,decline,tell me a joke,out_of_scope,decline,"I can only help with Austin Energy residential questions, like outages, bills, rebates, and safety.",,False,False,,1.81,346,48,"Decline: unrelated, offer help with Austin Energy questions",
T141,Out-of-Scope,Out-of-scope,decline,what are commercial electric rates,out_of_scope,decline,"I can only help with residential questions. For business accounts, please call Customer Care at 512-494-9400.",,False,False,,2.09,347,49,Decline: commercial rates out of scope,
T142,Out-of-Scope,Out-of-scope,decline,are you hiring right now,out_of_scope,decline,"I can only help with Austin Energy residential questions, like outages, bills, rebates, and safety.",,False,False,,1.34,347,43,Decline: careers out of scope,
T143,Out-of-Scope,Out-of-scope,decline,how do i apply for a city job,out_of_scope,decline,That isn't handled by Austin Energy. Please call 3-1-1 or visit austintexas.gov/311 for other City of Austin services.,,False,False,,1.13,350,53,Decline: point to City of Austin jobs site,
T144,Out-of-Scope,Out-of-scope,decline,when is trash pickup in my area,out_of_scope,decline,That isn't handled by Austin Energy. Please call 3-1-1 or visit austintexas.gov/311 for other City of Austin services.,,False,False,,1.34,349,50,Decline: point to 3-1-1,
T145,Out-of-Scope,Out-of-scope,decline,how do i report a pothole,out_of_scope,decline,That isn't handled by Austin Energy. Please call 3-1-1 or visit austintexas.gov/311 for other City of Austin services.,,False,False,,0.89,349,50,Decline: point to 3-1-1,
T146,Out-of-Scope,Out-of-scope,decline,what are water restrictions today,out_of_scope,decline,That isn't handled by Austin Energy. Please call 3-1-1 or visit austintexas.gov/311 for other City of Austin services.,,False,False,,1.98,347,49,Decline: point to Austin Water or 3-1-1,
T147,Out-of-Scope,Out-of-scope,decline,i need a building permit,out_of_scope,decline,That isn't handled by Austin Energy. Please call 3-1-1 or visit austintexas.gov/311 for other City of Austin services.,,False,False,,2.09,347,51,Decline: point to Development Services or 3-1-1,
T148,Out-of-Scope,Out-of-scope,decline,who do i call about road construction,out_of_scope,decline,That isn't handled by Austin Energy. Please call 3-1-1 or visit austintexas.gov/311 for other City of Austin services.,,False,False,,1.21,349,49,Decline: point to 3-1-1,
T149,Out-of-Scope,Out-of-scope,decline,register me to vote,out_of_scope,decline,"I can only help with Austin Energy residential questions, like outages, bills, rebates, and safety.",,False,False,,1.0,346,47,Decline: unrelated,
T150,Out-of-Scope,Out-of-scope,decline,what time does city hall close,out_of_scope,decline,That isn't handled by Austin Energy. Please call 3-1-1 or visit austintexas.gov/311 for other City of Austin services.,,False,False,,1.06,348,50,Decline: point to 3-1-1,
